Player,Team,Date,Opponent,Position,Game,AB,R,H,RBI,BB,SO,2B,3B,HR,SB,CS,HBP,SF
Juan Lopez-Rios,DH,5/20/2022,UU,4,1,3,0,1,0,1,0,,,,,2,,
Blake Porter,DH,5/20/2022,UU,8,1,4,1,1,2,0,2,,,1,,,,
Griffin Schneider,DH,5/20/2022,UU,9,1,2,0,0,0,1,1,,,,,,1,
Joe Burke,DH,5/20/2022,UU,3,1,3,0,0,0,1,0,,,,,,,
Andrew Bayard,DH,5/20/2022,UU,7,1,3,0,0,0,0,3,,,,,,,
Sean Lawlar,DH,5/20/2022,UU,7,1,1,0,0,0,0,0,,,,,,,
Nicholas Kreutzer,DH,5/20/2022,UU,0,1,3,0,0,0,0,2,,,,,,,
Michael Luker,DH,5/20/2022,UU,0,1,1,0,0,0,0,0,,,,,,,
Chris De Los Santos,DH,5/20/2022,UU,5,1,3,0,0,0,0,1,,,,,,,
Walker Paz,DH,5/20/2022,UU,5,1,1,0,0,0,0,1,,,,,,,
Whit Hughes,DH,5/20/2022,UU,2,1,3,1,1,0,0,1,,,,,,,
Alex Pup,DH,5/20/2022,UU,6,1,3,0,2,0,0,1,,,,,,,
Drue Galassi,UU,5/20/2022,DH,8,1,4,2,2,1,0,0,,,,,,,
Malek Bolin,UU,5/20/2022,DH,3,1,3,1,2,0,0,1,1,,,,,,
EJ Ranel,UU,5/20/2022,DH,3,1,1,1,0,0,0,0,,,,,,,
Ari Sechopoulos,UU,5/20/2022,DH,7,1,4,1,2,2,0,1,,,,,,,
Leandy Castro,UU,5/20/2022,DH,9,1,3,1,1,0,1,1,,,,,,,
Noah Childress,UU,5/20/2022,DH,5,1,3,1,2,4,0,0,,,1,,,,
Adam De La Cruz,UU,5/20/2022,DH,5,1,1,0,0,0,0,0,,,,,,,
Kevin Lambert,UU,5/20/2022,DH,6,1,4,0,0,0,0,0,,,,,,,
Nick Hernandez,UU,5/20/2022,DH,0,1,4,0,1,0,0,2,,,,,,,
Duncan Hewitt,UU,5/20/2022,DH,2,1,4,0,1,0,0,2,,,,,,,
Jonathan Hodo,UU,5/20/2022,DH,4,1,3,1,0,0,0,0,,,,,,,
Tylor Frailey,BB,5/21/2022,WM,8,1,4,2,1,2,1,0,1,,,,,,
Cody Stevenson,BB,5/21/2022,WM,4,1,1,0,0,0,2,0,,,,,,1,
Ray Peng,BB,5/21/2022,WM,4,1,1,0,0,0,0,0,,,,,,,
Marques Paige,BB,5/21/2022,WM,3,1,3,0,1,1,1,1,1,,,,,,
Ryan Sullivan,BB,5/21/2022,WM,0,1,4,0,1,1,0,1,1,,,,,,
Eric Whitfield,BB,5/21/2022,WM,9,1,3,0,0,0,0,1,,,,,,,
Travious Ford,BB,5/21/2022,WM,9,1,1,0,0,0,0,1,,,,,,,
Cameron Collett,BB,5/21/2022,WM,6,1,4,1,2,0,0,1,,,,,,,
Neifi Mercedes,BB,5/21/2022,WM,5,1,4,1,0,0,0,0,,,,1,,,
Omar Ortiz,BB,5/21/2022,WM,2,1,1,1,0,0,1,1,,,,,,2,
SeyJuan Lawrence,BB,5/21/2022,WM,7,1,4,1,1,1,0,1,,,,,,,
Tanner Thomas,WM,5/21/2022,BB,7,1,4,0,1,0,0,1,,,,,,,
Nick Caruso,WM,5/21/2022,BB,2,1,4,0,1,0,0,0,,,,,,,
Wade Weinburger Jr.,WM,5/21/2022,BB,8,1,4,0,1,0,0,2,,,,,1,,
Trent Bauer,WM,5/21/2022,BB,0,1,3,1,0,0,1,0,,,,,,,
Greg Vaughn Jr.,WM,5/21/2022,BB,9,1,3,1,1,0,0,1,,,,,,,
Dakota McFadden,WM,5/21/2022,BB,3,1,3,1,1,0,0,2,,,,1,,,
Buddy Dewaine Jr.,WM,5/21/2022,BB,5,1,2,1,1,1,1,1,,,,,,,
Houston Parker,WM,5/21/2022,BB,4,1,3,0,1,1,0,0,,,,,,,
Keshawn Lynch,WM,5/21/2022,BB,6,1,2,0,1,0,1,1,,,,,,,
Nick Caruso,WM,5/26/2022,DH,3,1,5,2,3,0,0,0,1,,,,,,
Tanner Thomas,WM,5/26/2022,DH,8,1,4,2,1,0,1,1,,,,,,,
Trent Bauer,WM,5/26/2022,DH,2,1,3,1,2,1,2,0,,,,,,,
Dakota McFadden,WM,5/26/2022,DH,0,1,5,1,0,1,0,0,,,,,,,
Houston Parker,WM,5/26/2022,DH,4,1,5,0,1,2,0,0,,,,,,,
Gunner Rainey,WM,5/26/2022,DH,7,1,2,0,1,0,2,0,1,,,,,,
Buddy Dewaine Jr.,WM,5/26/2022,DH,5,1,3,0,0,1,1,2,,,,,,,
Elijah Brown,WM,5/26/2022,DH,9,1,3,0,0,1,1,0,,,,1,,,
Keshawn Lynch,WM,5/26/2022,DH,6,1,4,0,0,0,0,1,,,,,,,
Alex Pup,DH,5/26/2022,WM,6,1,4,2,3,0,1,0,1,,,1,,,
Blake Porter,DH,5/26/2022,WM,8,1,4,0,1,0,1,1,,,,1,,,
Joe Burke,DH,5/26/2022,WM,3,1,4,0,1,0,0,1,,,,,,1,
Sean Lawlar,DH,5/26/2022,WM,0,1,3,0,0,2,2,1,,,,,,,
Griffin Schneider,DH,5/26/2022,WM,9,1,4,0,0,0,0,0,,,,,,,
Andrew Bayard,DH,5/26/2022,WM,7,1,4,1,0,0,0,1,,,,,,,
Chris De Los Santos,DH,5/26/2022,WM,5,1,3,0,0,0,1,1,,,,,,,
Whit Hughes,DH,5/26/2022,WM,2,1,4,0,1,0,0,2,,,,,,,
Walker Paz,DH,5/26/2022,WM,4,1,4,0,1,1,0,3,,,,,,,
Tylor Frailey,BB,5/27/2022,UU,8,1,3,0,1,1,1,0,,,,,1,,
Cody Stevenson,BB,5/27/2022,UU,4,1,2,0,0,0,1,1,,,,,,,
Marques Paige,BB,5/27/2022,UU,3,1,3,0,0,0,1,1,,,,,,,
Ray Peng,BB,5/27/2022,UU,3,1,1,0,0,0,0,1,,,,,,,
Ryan Sullivan,BB,5/27/2022,UU,0,1,2,1,0,0,0,0,2,,,1,,,
Eric Whitfield,BB,5/27/2022,UU,9,1,3,0,1,0,0,0,,,,,,,
Travious Ford,BB,5/27/2022,UU,9,1,1,0,0,0,0,0,,,,,,,
Cameron Collett,BB,5/27/2022,UU,6,1,3,1,3,1,1,0,,,,1,,,
Neifi Mercedes,BB,5/27/2022,UU,5,1,2,0,1,0,2,0,,,,1,,,
Omar Ortiz,BB,5/27/2022,UU,2,1,3,0,0,0,0,2,,,,,,,
SeyJuan Lawrence,BB,5/27/2022,UU,7,1,2,0,0,0,1,0,,,,,,,
Drue Galassi,UU,5/27/2022,BB,9,1,2,1,1,0,2,1,1,,,,,,
Nick Hernandez,UU,5/27/2022,BB,5,1,0,0,0,0,0,0,,,,,,,
Erick Ramirez,UU,5/27/2022,BB,5,1,4,0,1,2,0,1,1,,,,,,
Malek Bolin,UU,5/27/2022,BB,3,1,3,1,2,1,1,1,,,,,,,
Adam De La Cruz,UU,5/27/2022,BB,3,1,0,0,0,0,0,0,,,,,,,
Ari Sechopoulos,UU,5/27/2022,BB,8,1,3,0,0,0,1,1,,,,,,,
Leandy Castro,UU,5/27/2022,BB,7,1,3,0,0,0,0,1,,,,,,,
Noah Childress,UU,5/27/2022,BB,0,1,2,0,1,1,1,0,,,,,,,
Kevin Lambert,UU,5/27/2022,BB,6,1,2,0,1,0,0,0,1,,,,1,,
Luis Atiles,UU,5/27/2022,BB,6,1,0,0,0,0,0,0,,,,,,,
Matt Parkinson,UU,5/27/2022,BB,2,1,3,1,2,0,0,0,,,,,,,
Duncan Hewitt,UU,5/27/2022,BB,2,1,0,1,0,0,0,0,,,,,,,
Jonathan Hodo,UU,5/27/2022,BB,4,1,3,1,2,0,0,0,,,,,,,
Nick Caruso,WM,5/28/2022,DH,2,1,5,0,0,1,0,0,,,,1,,,
Tanner Thomas,WM,5/28/2022,DH,7,1,5,1,1,0,0,2,,,,,,,
Trent Bauer,WM,5/28/2022,DH,0,1,5,0,2,2,0,0,,,,,,,
Greg Vaughn Jr.,WM,5/28/2022,DH,9,1,4,0,1,0,1,2,,,,,,,
Houston Parker,WM,5/28/2022,DH,5,1,3,1,1,1,1,0,,,1,,,,
Wade Weinburger Jr.,WM,5/28/2022,DH,8,1,3,1,0,0,1,0,,,,1,,,
Gunner Rainey,WM,5/28/2022,DH,4,1,3,1,0,0,1,2,,,,1,,,
Buddy Dewaine Jr.,WM,5/28/2022,DH,3,1,4,1,1,0,0,2,,,,,,,
Keshawn Lynch,WM,5/28/2022,DH,6,1,4,1,1,2,0,0,1,,,,,,
Juan Lopez-Rios,DH,5/28/2022,WM,4,1,4,1,1,1,1,1,,,1,,,,
Alex Pup,DH,5/28/2022,WM,6,1,5,1,2,0,0,1,,,,,,,
Blake Porter,DH,5/28/2022,WM,8,1,5,0,0,0,0,1,,,,,,,
Joe Burke,DH,5/28/2022,WM,3,1,4,1,1,1,1,2,,,,,,,
Sean Lawlar,DH,5/28/2022,WM,0,1,1,0,1,0,4,0,,,,1,,,
Andrew Bayard,DH,5/28/2022,WM,7,1,5,0,0,1,0,3,,,,,,,
Griffin Schneider,DH,5/28/2022,WM,9,1,3,0,0,0,1,1,,,,,,,
Chris De Los Santos,DH,5/28/2022,WM,9,1,1,0,0,0,0,1,,,,,,,
Michael Luker,DH,5/28/2022,WM,2,1,3,0,0,0,0,2,,,,,,,
Nicholas Kreutzer,DH,5/28/2022,WM,2,1,1,0,0,0,0,1,,,,,,,
Whit Hughes,DH,5/28/2022,WM,2,1,0,0,0,0,0,0,,,,,,,
Walker Paz,DH,5/28/2022,WM,5,1,2,0,0,0,1,1,,,,,,1,
Drue Galassi,UU,5/29/2022,WM,9,1,5,1,2,1,0,2,,,1,,,,
Luis Atiles,UU,5/29/2022,WM,6,1,4,2,1,1,1,0,,,,,,,
Ari Sechopoulos,UU,5/29/2022,WM,7,1,5,2,3,4,0,0,1,,2,,,,
Leandy Castro,UU,5/29/2022,WM,8,1,3,1,1,1,2,1,,,1,,,,
Malek Bolin,UU,5/29/2022,WM,0,1,4,0,1,0,0,1,,,,,,,
Jonathan Hodo,UU,5/29/2022,WM,0,1,0,1,0,0,0,0,,,,1,,,
Noah Childress,UU,5/29/2022,WM,3,1,3,1,2,1,0,1,,,,,,,
Kevin Lambert,UU,5/29/2022,WM,3,1,0,1,0,0,0,0,,,,,,,
Duncan Hewitt,UU,5/29/2022,WM,2,1,1,1,0,0,2,0,,,,,,,
Adam De La Cruz,UU,5/29/2022,WM,5,1,3,2,2,1,1,0,,,,1,,,
Erick Ramirez,UU,5/29/2022,WM,4,1,4,1,1,4,0,2,,,1,,,,
Nick Caruso,WM,5/29/2022,UU,3,1,4,0,0,0,0,1,,,,,,,
Tanner Thomas,WM,5/29/2022,UU,8,1,4,1,2,0,0,0,,,,1,,,
Trent Bauer,WM,5/29/2022,UU,2,1,4,1,2,0,0,0,1,,,,,,
Greg Vaughn Jr.,WM,5/29/2022,UU,9,1,2,2,2,1,2,0,,,,,,,
Houston Parker,WM,5/29/2022,UU,4,1,4,0,1,1,0,1,1,,,,,,
Wade Weinburger Jr.,WM,5/29/2022,UU,0,1,4,0,1,0,0,0,,,,,,,
Dakota McFadden,WM,5/29/2022,UU,5,1,3,1,2,1,0,0,,,1,,,,
Elijah Brown,WM,5/29/2022,UU,7,1,2,0,0,0,1,0,,,,1,,,
Keshawn Lynch,WM,5/29/2022,UU,6,1,3,0,1,0,0,0,,,,,,,
Juan Lopez-Rios,DH,5/30/2022,BB,4,1,4,0,0,0,0,1,,,,,,,
Alex Pup,DH,5/30/2022,BB,6,1,2,0,1,0,1,0,,,,,,,
Blake Porter,DH,5/30/2022,BB,8,1,3,0,1,0,0,1,,,,,,,
Joe Burke,DH,5/30/2022,BB,3,1,3,0,1,0,0,0,,,,,,,
Nicholas Kreutzer,DH,5/30/2022,BB,0,1,3,0,0,0,0,1,,,,,,,
Chris De Los Santos,DH,5/30/2022,BB,5,1,2,0,0,0,0,0,,,,,,,
Walker Paz,DH,5/30/2022,BB,5,1,1,0,1,0,0,0,,,,,,,
Andrew Bayard,DH,5/30/2022,BB,7,1,3,0,0,0,0,1,,,,,,,
Whit Hughes,DH,5/30/2022,BB,2,1,2,0,0,0,0,1,,,,,,,
Sean Lawlar,DH,5/30/2022,BB,2,1,1,0,1,0,0,0,,,,,,,
Griffin Schneider,DH,5/30/2022,BB,9,1,3,0,2,0,0,0,,,,,,,
Tylor Frailey,BB,5/30/2022,DH,8,1,3,0,1,0,1,0,,,,,1,,
Cameron Collett,BB,5/30/2022,DH,6,1,4,0,2,1,0,0,,,,1,,,
Marques Paige,BB,5/30/2022,DH,4,1,2,0,1,0,1,1,,,,,,,
Cody Stevenson,BB,5/30/2022,DH,4,1,1,0,0,0,0,1,,,,,,,
Ryan Sullivan,BB,5/30/2022,DH,3,1,3,0,0,0,0,2,,,,,,,
Eric Whitfield,BB,5/30/2022,DH,2,1,3,1,2,0,0,0,,,,1,,,
Omar Ortiz,BB,5/30/2022,DH,2,1,0,0,0,0,0,0,,,,,,,
Neifi Mercedes,BB,5/30/2022,DH,5,1,2,1,0,0,0,1,,,,,,1,
Ray Peng,BB,5/30/2022,DH,0,1,2,0,0,0,1,2,,,,,,,
Travious Ford,BB,5/30/2022,DH,9,1,3,1,1,3,0,0,,,1,,,,
SeyJuan Lawrence,BB,5/30/2022,DH,7,1,3,1,1,0,0,0,1,,,,,,
Juan Lopez-Rios,DH,6/3/2022,WM,4,1,5,0,0,0,0,2,,,,,,,
Alex Pup,DH,6/3/2022,WM,6,1,4,1,1,0,1,1,,,,,,,
Blake Porter,DH,6/3/2022,WM,8,1,5,0,1,0,0,1,,,,,,,
Joe Burke,DH,6/3/2022,WM,3,1,3,2,2,3,1,0,,,2,,,,
Sean Lawlar,DH,6/3/2022,WM,7,1,3,0,1,0,1,1,,,,,,,
Nicholas Kreutzer,DH,6/3/2022,WM,0,1,4,2,2,2,0,1,,,2,,,,
Whit Hughes,DH,6/3/2022,WM,2,1,4,0,1,0,0,2,,,,,,,
Walker Paz,DH,6/3/2022,WM,5,1,4,0,1,0,0,2,,,,1,,,
Griffin Schneider,DH,6/3/2022,WM,9,1,3,0,0,0,1,1,,,,,,,
Nick Caruso,WM,6/3/2022,DH,2,1,4,1,0,0,1,0,,,,,,,
Tanner Thomas,WM,6/3/2022,DH,8,1,4,1,1,3,1,0,,,,1,,,
Nathan Aide,WM,6/3/2022,DH,0,1,4,0,2,3,1,0,,,,,,,
Greg Vaughn Jr.,WM,6/3/2022,DH,9,1,4,0,0,0,1,1,,,,,,,
Dakota McFadden,WM,6/3/2022,DH,3,1,5,1,1,0,0,1,,,,,,,
Gunner Rainey,WM,6/3/2022,DH,4,1,4,2,1,0,1,0,1,,,,,,
Wade Weinburger Jr.,WM,6/3/2022,DH,7,1,4,3,2,3,1,1,,,1,1,,,
Buddy Dewaine Jr.,WM,6/3/2022,DH,5,1,4,2,2,2,1,1,1,,,1,,,
Keshawn Lynch,WM,6/3/2022,DH,6,1,2,2,1,0,1,1,,,,1,,1,
Tylor Frailey,BB,6/4/2022,DH,9,1,4,0,1,0,0,2,,,,,,,
Cameron Collett,BB,6/4/2022,DH,6,1,3,0,0,0,1,2,,,,,,,
Marques Paige,BB,6/4/2022,DH,4,1,3,0,0,0,0,1,,,,,,,
Cody Stevenson,BB,6/4/2022,DH,4,1,1,0,0,0,0,0,,,,,,,
Ryan Sullivan,BB,6/4/2022,DH,3,1,3,0,0,0,0,2,,,,,,1,
Eric Whitfield,BB,6/4/2022,DH,2,1,3,0,0,0,0,0,,,,,,,
Omar Ortiz,BB,6/4/2022,DH,2,1,1,0,0,0,0,0,,,,,,,
Neifi Mercedes,BB,6/4/2022,DH,5,1,2,1,0,0,1,1,,,,,,,
Erick Ramirez,BB,6/4/2022,DH,0,1,2,0,0,0,1,2,,,,,,,
Travious Ford,BB,6/4/2022,DH,8,1,3,0,2,0,0,0,1,,,,,,
SeyJuan Lawrence,BB,6/4/2022,DH,7,1,3,0,0,0,0,1,,,,,,,
Alex Pup,DH,6/4/2022,BB,6,1,4,1,1,2,1,1,,,,1,,,
Blake Porter,DH,6/4/2022,BB,8,1,5,1,2,2,0,1,,,,,,,
Joe Burke,DH,6/4/2022,BB,3,1,4,0,0,0,1,0,,,,,,,
Nicholas Kreutzer,DH,6/4/2022,BB,0,1,4,0,1,0,0,1,,,,,,,
Sean Lawlar,DH,6/4/2022,BB,9,1,4,1,2,0,0,1,,,,,,,
Chris De Los Santos,DH,6/4/2022,BB,5,1,2,0,0,0,1,2,,,,1,,1,
Andrew Bayard,DH,6/4/2022,BB,7,1,3,1,0,0,1,1,,,,,,,
Michael Luker,DH,6/4/2022,BB,2,1,2,1,0,0,1,1,,,,,,1,
Walker Paz,DH,6/4/2022,BB,4,1,1,2,0,0,2,0,,,,,,1,
Nick Caruso,WM,6/5/2022,UU,2,1,5,0,1,1,0,1,,,,,,,
Tanner Thomas,WM,6/5/2022,UU,8,1,5,1,4,1,0,0,1,,,1,1,,
Nathan Aide,WM,6/5/2022,UU,7,1,5,1,1,1,0,3,,,,1,,,
Greg Vaughn Jr.,WM,6/5/2022,UU,9,1,4,0,0,1,1,2,,,,,,,
Dakota McFadden,WM,6/5/2022,UU,3,1,4,0,0,0,0,1,,,,,,,
Houston Parker,WM,6/5/2022,UU,4,1,2,0,0,0,0,1,,,,,1,2,
Gunner Rainey,WM,6/5/2022,UU,0,1,4,0,1,0,0,2,,,,,,,
Buddy Dewaine Jr.,WM,6/5/2022,UU,5,1,4,0,0,0,0,2,,,,,,,
Elijah Brown,WM,6/5/2022,UU,6,1,3,2,1,0,1,1,,1,,,,,
Drue Galassi,UU,6/5/2022,WM,8,1,4,2,2,0,1,1,,1,,,,,
Luis Atiles,UU,6/5/2022,WM,6,1,4,0,0,0,1,1,,,,,,,
Ari Sechopoulos,UU,6/5/2022,WM,7,1,5,1,0,1,0,2,,,,,,,
Leandy Castro,UU,6/5/2022,WM,9,1,5,0,1,1,0,2,,,,,,,
Noah Childress,UU,6/5/2022,WM,0,1,4,0,0,0,1,0,,,,,,,
Malek Bolin,UU,6/5/2022,WM,3,1,5,0,0,1,0,0,,,,,,,
Duncan Hewitt,UU,6/5/2022,WM,2,1,2,0,0,0,0,1,,,,,,,
Matt Parkinson,UU,6/5/2022,WM,2,1,2,1,0,0,0,0,,,,,,,
Kevin Lambert,UU,6/5/2022,WM,5,1,4,0,1,1,0,2,,,,,,,
Jonathan Hodo,UU,6/5/2022,WM,4,1,4,1,1,0,0,2,,,,,,,
Tylor Frailey,BB,6/7/2022,WM,8,1,5,0,1,0,0,3,,,,,,,
Cody Stevenson,BB,6/7/2022,WM,4,1,3,0,1,0,2,0,,,,,,,
Cameron Collett,BB,6/7/2022,WM,0,1,5,0,1,0,0,2,,,,,,,
Eric Whitfield,BB,6/7/2022,WM,3,1,4,0,2,0,0,0,,,,,,,
Neifi Mercedes,BB,6/7/2022,WM,5,1,4,0,0,0,0,1,,,,,,,
Ryan Sullivan,BB,6/7/2022,WM,9,1,4,1,1,1,0,2,,,1,,,,
Erick Ramirez,BB,6/7/2022,WM,6,1,4,1,1,0,0,1,,,,,,,
Omar Ortiz,BB,6/7/2022,WM,2,1,4,0,1,0,0,1,,,,,,,
SeyJuan Lawrence,BB,6/7/2022,WM,7,1,4,0,0,1,0,1,,,,,,,
Greg Vaughn Jr.,WM,6/7/2022,BB,9,1,4,1,1,3,0,0,,,1,,,,
Tanner Thomas,WM,6/7/2022,BB,0,1,4,0,0,0,0,2,,,,,,,
Nathan Aide,WM,6/7/2022,BB,7,1,4,0,2,0,0,1,1,,,,,,
Wade Weinburger Jr.,WM,6/7/2022,BB,8,1,4,1,1,0,0,0,,1,,,,,
Dakota McFadden,WM,6/7/2022,BB,3,1,4,1,1,2,0,1,,,1,,,,
Houston Parker,WM,6/7/2022,BB,5,1,3,1,0,0,0,1,,,,,,1,
Gunner Rainey,WM,6/7/2022,BB,2,1,4,1,1,0,0,1,,,,,,,
Keshawn Lynch,WM,6/7/2022,BB,4,1,3,1,1,0,1,0,,,,,1,,
Elijah Brown,WM,6/7/2022,BB,6,1,4,2,2,3,0,0,1,1,,,,,
Drue Galassi,UU,6/9/2022,BB,8,1,2,1,0,0,2,0,,,,1,,,
Malek Bolin,UU,6/9/2022,BB,3,1,4,1,1,0,0,1,,,,,,,
Leandy Castro,UU,6/9/2022,BB,9,1,4,1,1,0,0,1,,,,1,,,
Ari Sechopoulos,UU,6/9/2022,BB,7,1,4,1,1,0,0,1,,,,,,,
Noah Childress,UU,6/9/2022,BB,0,1,4,0,3,0,0,0,1,,,,,,
Kevin Lambert,UU,6/9/2022,BB,5,1,3,0,0,0,0,0,,,,,,1,
Luis Atiles,UU,6/9/2022,BB,6,1,4,0,0,0,0,2,,,,,,,
Duncan Hewitt,UU,6/9/2022,BB,2,1,3,0,0,0,0,2,,,,,,,
Jonathan Hodo,UU,6/9/2022,BB,4,1,2,0,0,0,0,1,,,,1,,1,
Tylor Frailey,BB,6/9/2022,UU,8,1,3,1,1,0,1,1,,,,,,,
Erick Ramirez,BB,6/9/2022,UU,5,1,4,1,1,0,0,1,,,,,,,
Cameron Collett,BB,6/9/2022,UU,6,1,4,1,1,0,0,1,,,,1,,,
Ryan Sullivan,BB,6/9/2022,UU,3,1,3,0,0,1,1,1,,,,,,,
Eric Whitfield,BB,6/9/2022,UU,7,1,4,0,2,2,0,1,,,,,,,
Marques Paige,BB,6/9/2022,UU,4,1,3,0,0,0,0,1,,,,,,,
Cody Stevenson,BB,6/9/2022,UU,4,1,0,0,0,0,1,0,,,,,,,
Josh Wunnenberg,BB,6/9/2022,UU,2,1,4,0,1,0,0,3,,,,,,,
Neifi Mercedes,BB,6/9/2022,UU,0,1,3,0,0,0,1,2,,,,,,,
SeyJuan Lawrence,BB,6/9/2022,UU,9,1,3,0,1,0,1,1,,,,,,,
Alex Pup,DH,6/10/2022,WM,6,1,4,0,0,0,1,1,,,,1,,,
Blake Porter,DH,6/10/2022,WM,8,1,4,1,1,0,1,3,,,,,,,
Joe Burke,DH,6/10/2022,WM,3,1,4,1,1,2,1,0,,,1,,,,
Nicholas Kreutzer,DH,6/10/2022,WM,0,1,5,0,0,0,0,3,,,,,,,
Sean Lawlar,DH,6/10/2022,WM,7,1,2,0,0,0,3,1,,,,,,,
Chris De Los Santos,DH,6/10/2022,WM,5,1,5,0,1,0,0,0,,,,,,,
Walker Paz,DH,6/10/2022,WM,4,1,2,0,0,0,2,1,,,,1,,,
Michael Luker,DH,6/10/2022,WM,2,1,1,0,0,0,3,1,,,,,,,
Griffin Schneider,DH,6/10/2022,WM,9,1,3,0,0,0,0,2,,,,,,,
Andrew Bayard,DH,6/10/2022,WM,9,1,1,1,1,0,0,0,,,,,,,
Nathan Aide,WM,6/10/2022,DH,7,1,5,0,0,0,0,4,,,,,,,
Tanner Thomas,WM,6/10/2022,DH,8,1,3,0,0,1,2,1,,,,1,,,
Nick Caruso,WM,6/10/2022,DH,2,1,5,0,0,0,0,1,,,,,,,
Greg Vaughn Jr.,WM,6/10/2022,DH,0,1,4,0,0,0,0,2,,,,1,,,
Wade Weinburger Jr.,WM,6/10/2022,DH,9,1,3,0,1,0,1,1,,,,,,,
Dakota McFadden,WM,6/10/2022,DH,3,1,4,0,0,0,0,1,,,,,,,
Buddy Dewaine Jr.,WM,6/10/2022,DH,5,1,4,1,1,0,0,0,,1,,,,,
Houston Parker,WM,6/10/2022,DH,4,1,4,1,2,1,0,2,,,,,,,
Elijah Brown,WM,6/10/2022,DH,6,1,2,1,0,0,2,1,,,,2,,,
Tylor Frailey,BB,6/11/2022,UU,8,1,4,0,1,0,0,1,,,,,,,
Marques Paige,BB,6/11/2022,UU,0,1,3,0,0,0,0,2,,,,,,1,
Eric Whitfield,BB,6/11/2022,UU,9,1,4,0,0,0,0,2,,,,,,,
Erick Ramirez,BB,6/11/2022,UU,6,1,3,2,1,0,1,0,1,,,1,,,
Ryan Sullivan,BB,6/11/2022,UU,3,1,3,0,2,0,1,1,,,,,,,
Cody Stevenson,BB,6/11/2022,UU,4,1,4,0,1,1,0,1,,,,1,,,
Neifi Mercedes,BB,6/11/2022,UU,5,1,4,0,0,0,0,0,,,,,,,
Omar Ortiz,BB,6/11/2022,UU,2,1,0,0,0,0,0,0,,,,,,,
Josh Wunnenberg,BB,6/11/2022,UU,2,1,2,0,0,0,1,1,,,,,,,
SeyJuan Lawrence,BB,6/11/2022,UU,7,1,3,0,0,0,0,0,,,,,,,
Drue Galassi,UU,6/11/2022,BB,8,1,3,1,0,0,2,2,,,,1,,,
Adam De La Cruz,UU,6/11/2022,BB,7,1,2,0,0,0,2,1,,,,,,,
Ari Sechopoulos,UU,6/11/2022,BB,3,1,3,1,1,1,1,2,,,1,,,,
Leandy Castro,UU,6/11/2022,BB,9,1,3,0,0,1,0,3,,,,,,,1
Noah Childress,UU,6/11/2022,BB,0,1,3,0,0,0,0,3,,,,,,1,
Kevin Lambert,UU,6/11/2022,BB,5,1,3,1,0,0,0,1,,,,,,1,
Matt Parkinson,UU,6/11/2022,BB,2,1,3,2,1,0,1,1,,,,1,,,
Luis Atiles,UU,6/11/2022,BB,6,1,4,0,0,0,0,0,,,,,,,
Jonathan Hodo,UU,6/11/2022,BB,4,1,3,1,2,3,1,1,1,,,,,,
Drue Galassi,UU,6/14/2022,BB,8,1,4,1,2,0,1,1,,,,,,,
Malek Bolin,UU,6/14/2022,BB,3,1,4,2,2,4,1,2,,,1,,,,
Noah Childress,UU,6/14/2022,BB,0,1,4,0,0,0,0,0,,,,,,1,
Ari Sechopoulos,UU,6/14/2022,BB,7,1,5,1,1,1,0,1,1,,,,,,
Leandy Castro,UU,6/14/2022,BB,9,1,3,1,2,2,0,0,,,1,,,,
Kenny Rodriguez,UU,6/14/2022,BB,9,1,2,0,0,0,0,1,,,,,,,
Kevin Lambert,UU,6/14/2022,BB,5,1,5,1,1,0,0,1,1,,,,,,
Matt Parkinson,UU,6/14/2022,BB,2,1,3,1,1,1,1,0,1,,,,,,
Luis Atiles,UU,6/14/2022,BB,6,1,3,1,0,0,0,1,,,,,,1,
Jonathan Hodo,UU,6/14/2022,BB,4,1,4,0,1,0,0,2,,,,,,,
Tylor Frailey,BB,6/14/2022,UU,8,1,4,0,0,0,0,1,,,,,,,
Cameron Collett,BB,6/14/2022,UU,5,1,4,0,1,0,0,2,,,,,,,
Eric Whitfield,BB,6/14/2022,UU,9,1,4,0,0,0,0,2,,,,,,,
JD Stubbs,BB,6/14/2022,UU,3,1,3,0,1,0,1,1,,,,,,,
Erick Ramirez,BB,6/14/2022,UU,4,1,3,0,0,0,0,1,,,,,,1,
Chris Davis,BB,6/14/2022,UU,7,1,3,1,0,0,1,2,,,,,,,
Luke Fennelly,BB,6/14/2022,UU,6,1,3,0,1,1,0,0,1,,,,,1,
Marques Paige,BB,6/14/2022,UU,0,1,1,0,0,0,1,0,,,,,,,
Ryan Sullivan,BB,6/14/2022,UU,0,1,1,0,0,0,0,0,,,,,,1,
Miles Watson,BB,6/14/2022,UU,2,1,4,0,0,0,0,2,,,,,,,
Alex Pup,DH,6/15/2022,WM,6,1,5,0,1,1,0,1,,,,,,,
Blake Porter,DH,6/15/2022,WM,8,1,5,1,2,0,0,3,,,,,,,
Joe Burke,DH,6/15/2022,WM,3,1,4,1,0,0,1,0,,,,,,,
Yadi Rivera,DH,6/15/2022,WM,5,1,3,2,2,0,2,1,2,,,,,,
Sean Lawlar,DH,6/15/2022,WM,7,1,4,2,2,1,1,2,,,,,,,
Noah Marcoux,DH,6/15/2022,WM,0,1,4,1,1,2,1,3,1,,,,,,
Bryant Shellenbarger,DH,6/15/2022,WM,9,1,4,1,2,2,1,1,1,,,,,,
Kevin Koziol,DH,6/15/2022,WM,2,1,4,1,1,2,0,1,,,,1,,,
Juan Lopez-Rios,DH,6/15/2022,WM,4,1,2,0,1,0,0,0,,,,,,2,
Christian Perez,WM,6/15/2022,DH,6,1,5,0,1,0,0,2,,,,,,,
Wade Weinburger Jr.,WM,6/15/2022,DH,8,1,2,0,2,1,2,0,,,,1,,,
Nathan Aide,WM,6/15/2022,DH,0,1,4,0,1,0,0,1,,,,,,,
Greg Vaughn Jr.,WM,6/15/2022,DH,9,1,4,0,1,0,0,2,,,,1,,,
Nick Caruso,WM,6/15/2022,DH,3,1,3,2,1,0,1,1,,,,1,,,
Duncan Hewitt,WM,6/15/2022,DH,2,1,4,0,1,0,0,1,,,,,,,
Buddy Dewaine Jr.,WM,6/15/2022,DH,7,1,3,1,0,0,1,3,,,,1,,,
Houston Parker,WM,6/15/2022,DH,5,1,2,0,0,0,2,1,,,,,,,
Elijah Brown,WM,6/15/2022,DH,4,1,3,0,0,1,1,2,,,,,,,
Tylor Frailey,BB,6/16/2022,UU,8,1,2,0,0,0,0,0,,,,,,,
Erick Ramirez,BB,6/16/2022,UU,7,1,3,0,1,1,0,1,,,,,,,
Cameron Collett,BB,6/16/2022,UU,5,1,5,1,0,0,0,3,,,,,,,
Eric Whitfield,BB,6/16/2022,UU,0,1,4,0,2,1,0,1,1,,,,,,
JD Stubbs,BB,6/16/2022,UU,3,1,4,1,2,0,0,0,,,,,,,
Ryan Sullivan,BB,6/16/2022,UU,9,1,2,1,0,0,0,2,,,,,,1,
Dakota McFadden,BB,6/16/2022,UU,9,1,0,0,0,0,1,0,,,,,,,
Chris Davis,BB,6/16/2022,UU,7,1,4,0,0,0,0,1,,,,,,,
Luke Fennelly,BB,6/16/2022,UU,6,1,4,0,0,0,0,0,,,,,,,
Miles Watson,BB,6/16/2022,UU,2,1,2,0,1,0,1,1,1,,,,,1,
Marques Paige,BB,6/16/2022,UU,4,1,3,1,1,0,0,2,,,,,,1,
Drue Galassi,UU,6/16/2022,BB,8,1,3,1,1,2,0,0,,,1,,,,
Kenny Rodriguez,UU,6/16/2022,BB,8,1,2,0,0,0,0,0,,,,,,,
Malek Bolin,UU,6/16/2022,BB,3,1,5,1,1,1,0,1,,,,,,,
Noah Childress,UU,6/16/2022,BB,0,1,2,2,1,3,1,0,,,1,,,,
Adam De La Cruz,UU,6/16/2022,BB,0,1,1,0,0,0,0,1,,,,,,,
Ari Sechopoulos,UU,6/16/2022,BB,7,1,2,1,1,1,2,0,,,1,,,,
Leandy Castro,UU,6/16/2022,BB,9,1,4,1,2,0,0,0,,,,,,,
Kevin Lambert,UU,6/16/2022,BB,5,1,4,1,1,0,0,1,,,,,,,
Matt Parkinson,UU,6/16/2022,BB,2,1,3,1,2,0,1,1,,,,,,,
Luis Atiles,UU,6/16/2022,BB,6,1,4,1,3,1,0,0,1,,,,,,
Jonathan Hodo,UU,6/16/2022,BB,4,1,2,1,0,0,1,0,,,,,,1,
Alex Pup,DH,6/17/2022,UU,6,1,6,1,1,0,0,4,,,,,,,
Blake Porter,DH,6/17/2022,UU,8,1,4,2,2,0,1,1,,,,,,,
Joe Burke,DH,6/17/2022,UU,3,1,4,1,3,1,1,0,,,,,,,
Yadi Rivera,DH,6/17/2022,UU,5,1,3,0,0,1,2,0,,,,,,,
Sean Lawlar,DH,6/17/2022,UU,7,1,4,1,0,1,1,2,,,,,,,
Nicholas Kreutzer,DH,6/17/2022,UU,0,1,3,1,1,0,2,0,,,,,,,
Bryant Shellenbarger,DH,6/17/2022,UU,9,1,5,2,2,3,0,0,1,,1,,,,
Whit Hughes,DH,6/17/2022,UU,2,1,5,0,2,2,0,3,2,,,,,,
Walker Paz,DH,6/17/2022,UU,4,1,5,0,0,0,0,3,,,,,,,
Drue Galassi,UU,6/17/2022,DH,8,1,5,0,1,0,0,1,,,,,,,
Kenny Rodriguez,UU,6/17/2022,DH,7,1,4,0,0,0,0,1,,,,,,1,
Noah Childress,UU,6/17/2022,DH,0,1,4,1,1,0,0,1,,,,,,1,
Ari Sechopoulos,UU,6/17/2022,DH,3,1,5,2,2,1,0,1,,,1,,,,
Leandy Castro,UU,6/17/2022,DH,9,1,3,3,2,0,1,0,1,,,,,,
Kevin Lambert,UU,6/17/2022,DH,5,1,4,1,2,0,0,0,1,,,,,,
Matt Parkinson,UU,6/17/2022,DH,2,1,3,1,2,4,0,1,1,,,,,,1
Luis Atiles,UU,6/17/2022,DH,6,1,3,1,1,2,1,0,1,,,,,,
Jonathan Hodo,UU,6/17/2022,DH,4,1,4,0,2,1,0,2,,,,,,,
Tylor Frailey,BB,6/18/2022,WM,8,1,3,1,0,0,0,1,,,,,,,
Erick Ramirez,BB,6/18/2022,WM,4,1,2,1,0,1,1,2,,,,,,,
Eric Whitfield,BB,6/18/2022,WM,0,1,3,0,1,2,0,0,,,,,,,
JD Stubbs,BB,6/18/2022,WM,3,1,2,0,0,0,1,1,,,,,,,
Dakota McFadden,BB,6/18/2022,WM,2,1,3,0,0,0,0,0,,,,,,,
Ryan Sullivan,BB,6/18/2022,WM,9,1,3,1,2,0,0,1,,,,,,,
Chris Davis,BB,6/18/2022,WM,7,1,2,0,0,0,1,1,,,,,,,
Cameron Collett,BB,6/18/2022,WM,5,1,2,1,1,0,0,0,,,,,,,
Luke Fennelly,BB,6/18/2022,WM,6,1,2,1,1,1,0,0,1,,,,,,
Connor Bagnieski,WM,6/18/2022,BB,8,1,1,2,0,0,3,0,,,,1,,,
Nick Caruso,WM,6/18/2022,BB,3,1,3,0,0,0,1,3,,,,,,,
Tanner Thomas,WM,6/18/2022,BB,7,1,1,1,0,1,2,0,,,,1,,,1
Houston Parker,WM,6/18/2022,BB,4,1,2,1,1,4,1,0,,,1,,,,
Wade Weinburger Jr.,WM,6/18/2022,BB,9,1,3,0,0,0,0,1,,,,,,,
Greg Vaughn Jr.,WM,6/18/2022,BB,0,1,2,0,0,0,0,2,,,,,,1,
Christian Perez,WM,6/18/2022,BB,6,1,3,0,1,0,0,0,,,,,,,
Duncan Hewitt,WM,6/18/2022,BB,2,1,2,1,0,0,1,1,,,,,,,
Buddy Dewaine Jr.,WM,6/18/2022,BB,5,1,3,0,0,0,0,2,,,,,,,
Elijah Brown,WM,6/18/2022,BB,5,1,0,0,0,0,0,0,,,,,,,
Chris Davis,BB,6/18/2022,WM,7,2,3,0,0,0,0,0,,,,,,,
Erick Ramirez,BB,6/18/2022,WM,0,2,2,0,0,0,1,0,,,,,,,
Eric Whitfield,BB,6/18/2022,WM,9,2,3,0,1,0,0,1,,,,,,,
JD Stubbs,BB,6/18/2022,WM,3,2,3,0,0,0,0,1,,,,,,,
Cameron Collett,BB,6/18/2022,WM,5,2,3,0,1,0,0,1,,,,,,,
Tylor Frailey,BB,6/18/2022,WM,8,2,2,0,0,0,0,0,,,,,,,
Luke Fennelly,BB,6/18/2022,WM,6,2,2,0,0,0,0,1,,,,,,,
Miles Watson,BB,6/18/2022,WM,2,2,1,0,0,0,1,0,,,,,,,
Marques Paige,BB,6/18/2022,WM,4,2,1,0,0,0,1,1,,,,1,,,
Connor Bagnieski,WM,6/18/2022,BB,8,2,3,0,1,0,0,1,,,,1,,,
Nick Caruso,WM,6/18/2022,BB,2,2,3,0,1,0,0,1,,,,,,,
Tanner Thomas,WM,6/18/2022,BB,7,2,3,0,0,0,0,2,,,,,,,
Nathan Aide,WM,6/18/2022,BB,9,2,3,0,0,0,0,0,,,,,,,
Houston Parker,WM,6/18/2022,BB,5,2,2,0,0,0,0,1,,,,,,,
Wade Weinburger Jr.,WM,6/18/2022,BB,0,2,1,0,1,0,1,0,,,,1,,,
Christian Perez,WM,6/18/2022,BB,6,2,2,0,0,0,0,1,,,,,,,
Duncan Hewitt,WM,6/18/2022,BB,3,2,2,1,1,0,0,0,,,,,,,
Elijah Brown,WM,6/18/2022,BB,4,2,2,0,0,0,0,1,,,,,,,
Drue Galassi,UU,6/19/2022,DH,8,1,4,2,2,1,0,0,1,,,,,,1
Adam De La Cruz,UU,6/19/2022,DH,5,1,5,1,1,0,0,1,,,,,,,
Noah Childress,UU,6/19/2022,DH,0,1,4,1,2,0,1,0,,,,,,,
Ari Sechopoulos,UU,6/19/2022,DH,3,1,3,1,1,2,1,2,,,1,,,,1
Leandy Castro,UU,6/19/2022,DH,9,1,3,1,1,1,1,2,,,,1,,,1
Kevin Lambert,UU,6/19/2022,DH,6,1,5,0,2,2,0,0,,,,,,,
Matt Parkinson,UU,6/19/2022,DH,2,1,4,0,0,0,0,1,,,,,,,
Kenny Rodriguez,UU,6/19/2022,DH,7,1,3,1,0,0,0,1,,,,,,1,
Jonathan Hodo,UU,6/19/2022,DH,4,1,3,0,0,0,1,1,,,,,,,
Alex Pup,DH,6/19/2022,UU,6,1,5,0,0,0,0,2,,,,,,,
Blake Porter,DH,6/19/2022,UU,8,1,2,0,0,0,2,2,,,,,,,
Joe Burke,DH,6/19/2022,UU,3,1,4,1,1,1,0,1,,,1,,,,
Yadi Rivera,DH,6/19/2022,UU,5,1,4,1,1,0,0,1,,,,,,,
Bryant Shellenbarger,DH,6/19/2022,UU,9,1,4,1,1,0,0,0,,,,,,,
Nicholas Kreutzer,DH,6/19/2022,UU,0,1,2,1,0,0,2,2,,,,,,,
Noah Marcoux,DH,6/19/2022,UU,7,1,3,1,0,1,1,0,,,,,,,
Kevin Koziol,DH,6/19/2022,UU,2,1,2,0,1,1,0,0,,,,,,,1
Sean Lawlar,DH,6/19/2022,UU,2,1,1,0,0,0,0,0,,,,,,,
Juan Lopez-Rios,DH,6/19/2022,UU,4,1,3,0,1,1,0,0,,,,,,,
Walker Paz,DH,6/19/2022,UU,4,1,1,0,0,0,0,1,,,,,,,
Connor Bagnieski,WM,6/22/2022,UU,4,1,4,0,0,0,0,0,,,,,,,
Wade Weinburger Jr.,WM,6/22/2022,UU,0,1,3,0,0,0,1,2,,,,2,,,
Tanner Thomas,WM,6/22/2022,UU,8,1,4,0,1,0,0,1,,,,,,,
Houston Parker,WM,6/22/2022,UU,5,1,1,1,0,0,1,0,,,,1,,2,
Nick Caruso,WM,6/22/2022,UU,2,1,3,1,1,1,0,0,1,,,,,,
Duncan Hewitt,WM,6/22/2022,UU,2,1,1,0,0,0,0,1,,,,,,,
Nathan Aide,WM,6/22/2022,UU,7,1,4,0,1,0,0,1,,,,,,,
Greg Vaughn Jr.,WM,6/22/2022,UU,9,1,2,0,1,0,2,1,,,,,,,
Buddy Dewaine Jr.,WM,6/22/2022,UU,3,1,4,0,2,0,0,0,,,,,,,
Elijah Brown,WM,6/22/2022,UU,6,1,3,0,0,1,1,1,,,,,,,
Drue Galassi,UU,6/22/2022,WM,8,1,5,0,1,0,0,1,,,,,,,
Malek Bolin,UU,6/22/2022,WM,1,1,3,0,0,0,1,1,,,,,,,
Ari Sechopoulos,UU,6/22/2022,WM,0,1,4,0,2,1,0,0,1,,,,,,
Leandy Castro,UU,6/22/2022,WM,9,1,1,0,0,0,3,1,,,,,,,
Kevin Lambert,UU,6/22/2022,WM,5,1,4,1,2,1,0,2,,,1,,,,
Kenny Rodriguez,UU,6/22/2022,WM,7,1,3,0,0,0,0,1,,,,,,1,
Matt Parkinson,UU,6/22/2022,WM,2,1,4,0,1,0,0,2,,,,,,,
Luis Atiles,UU,6/22/2022,WM,6,1,3,1,1,0,1,0,,,,,,,
Jonathan Hodo,UU,6/22/2022,WM,4,1,4,1,2,0,0,1,,,,,,,
Luke Fennelly,BB,6/23/2022,DH,4,1,2,1,1,1,2,0,1,,,,,,
Chris Davis,BB,6/23/2022,DH,7,1,4,0,0,0,0,1,,,,,,,
Eric Whitfield,BB,6/23/2022,DH,0,1,3,0,0,0,1,2,,,,,1,,
JD Stubbs,BB,6/23/2022,DH,3,1,4,0,1,0,0,0,,,,,,,
Wellington Guzman,BB,6/23/2022,DH,6,1,3,0,0,0,0,0,,,,,,1,
Marcos Castillo,BB,6/23/2022,DH,8,1,2,1,1,0,2,0,,,,2,,,
Ryan Sullivan,BB,6/23/2022,DH,9,1,3,1,1,2,0,0,,,1,,,,
Dakota McFadden,BB,6/23/2022,DH,2,1,2,0,0,0,0,0,,,,,,,
Felix Aberouette,BB,6/23/2022,DH,2,1,1,1,1,0,0,0,1,,,,,,
Cameron Collett,BB,6/23/2022,DH,5,1,2,1,0,0,1,1,,,,,,,
Alex Pup,DH,6/23/2022,BB,6,1,2,2,0,0,2,0,,,,,,,
Blake Porter,DH,6/23/2022,BB,8,1,4,2,2,2,0,1,,,1,1,,,
Joe Burke,DH,6/23/2022,BB,3,1,4,1,0,0,0,1,,,,,,,
Yadi Rivera,DH,6/23/2022,BB,5,1,4,2,2,4,0,0,,,1,,,,
Bryant Shellenbarger,DH,6/23/2022,BB,9,1,4,0,1,0,0,1,,,,,,,
Sean Lawlar,DH,6/23/2022,BB,7,1,4,0,1,2,0,1,,,,,,,
Noah Marcoux,DH,6/23/2022,BB,0,1,4,0,0,0,0,2,,,,,,,
Whit Hughes,DH,6/23/2022,BB,2,1,3,0,0,0,0,0,,,,,,,
Walker Paz,DH,6/23/2022,BB,4,1,1,2,0,0,1,1,,,,2,,1,
Connor Bagnieski,WM,6/24/2022,BB,7,1,5,1,2,1,0,1,,,,,,,
Buddy Dewaine Jr.,WM,6/24/2022,BB,5,1,4,1,1,1,1,1,,,1,,,,
Tanner Thomas,WM,6/24/2022,BB,8,1,5,1,1,0,0,0,1,,,,,,
Houston Parker,WM,6/24/2022,BB,4,1,4,0,1,2,1,0,1,,,,,,
Nick Caruso,WM,6/24/2022,BB,2,1,4,0,1,0,0,1,,,,,,,
Wade Weinburger Jr.,WM,6/24/2022,BB,9,1,3,0,0,0,1,1,,,,,,,
Greg Vaughn Jr.,WM,6/24/2022,BB,0,1,3,0,0,0,0,1,,,,,,1,
Duncan Hewitt,WM,6/24/2022,BB,3,1,4,1,2,0,0,0,,,,,,,
Christian Perez,WM,6/24/2022,BB,6,1,3,0,0,0,1,1,,,,,,,
Luke Fennelly,BB,6/24/2022,WM,4,1,3,1,1,2,0,1,,,,,,,1
Chris Davis,BB,6/24/2022,WM,7,1,4,0,2,0,0,1,,,,,,,
Marcos Castillo,BB,6/24/2022,WM,8,1,4,0,2,1,0,0,,,,1,,,
JD Stubbs,BB,6/24/2022,WM,3,1,4,0,1,0,0,1,,,,,,,
Felix Aberouette,BB,6/24/2022,WM,2,1,4,0,0,0,0,0,,,,,,,
Ryan Sullivan,BB,6/24/2022,WM,0,1,3,0,0,0,0,1,,,,,,1,
Eric Whitfield,BB,6/24/2022,WM,9,1,4,2,1,0,0,1,,,,,,,
Wellington Guzman,BB,6/24/2022,WM,6,1,4,2,2,0,0,1,1,,,,,,
Cameron Collett,BB,6/24/2022,WM,5,1,4,0,1,2,0,2,,,,,,,
Alex Pup,DH,6/25/2022,UU,6,1,4,1,2,2,0,1,,,1,,,,
Blake Porter,DH,6/25/2022,UU,8,1,4,0,2,0,0,1,1,,,,,,
Joe Burke,DH,6/25/2022,UU,0,1,4,0,0,0,0,1,,,,,,,
Yadi Rivera,DH,6/25/2022,UU,5,1,3,1,1,0,1,0,,,,,,,
Bryant Shellenbarger,DH,6/25/2022,UU,9,1,3,1,1,0,0,1,,,,,,,
Nicholas Kreutzer,DH,6/25/2022,UU,3,1,1,2,0,0,2,1,,,,,,,
Noah Marcoux,DH,6/25/2022,UU,7,1,3,0,2,2,0,0,,,,,,,
Kevin Koziol,DH,6/25/2022,UU,2,1,3,0,1,1,0,0,,,,,,,
Walker Paz,DH,6/25/2022,UU,4,1,3,1,0,0,0,1,,,,1,,,
Drue Galassi,UU,6/25/2022,DH,9,1,1,1,1,0,2,0,,,,1,1,,
Kenny Rodriguez,UU,6/25/2022,DH,8,1,3,1,2,0,0,0,,,,,,,
Malek Bolin,UU,6/25/2022,DH,3,1,3,1,1,3,0,0,,,1,,,,
Ari Sechopoulos,UU,6/25/2022,DH,7,1,2,0,0,0,1,1,,,,,,,
Noah Childress,UU,6/25/2022,DH,0,1,3,0,1,0,0,1,,,,,,,
Adam De La Cruz,UU,6/25/2022,DH,0,1,0,0,0,0,0,0,,,,,,,
Kevin Lambert,UU,6/25/2022,DH,5,1,3,1,1,1,0,1,,,1,,,,
Matt Parkinson,UU,6/25/2022,DH,2,1,3,0,0,0,0,0,,,,,,,
Luis Atiles,UU,6/25/2022,DH,6,1,2,0,0,0,0,1,,,,,,,
Leandy Castro,UU,6/25/2022,DH,6,1,1,0,0,0,0,0,,,,,,,
Jonathan Hodo,UU,6/25/2022,DH,4,1,2,0,0,0,0,1,,,,,,,
Alex Pup,DH,6/25/2022,UU,6,2,3,0,0,0,0,1,,,,,,,
Blake Porter,DH,6/25/2022,UU,8,2,3,0,0,0,0,2,,,,,,,
Joe Burke,DH,6/25/2022,UU,0,2,3,0,1,0,0,0,,,,,,,
Yadi Rivera,DH,6/25/2022,UU,5,2,3,0,0,0,0,0,,,,,,,
Bryant Shellenbarger,DH,6/25/2022,UU,9,2,3,0,0,0,0,2,,,,,,,
Sean Lawlar,DH,6/25/2022,UU,7,2,3,0,0,0,0,3,,,,,,,
Noah Marcoux,DH,6/25/2022,UU,3,2,3,0,0,0,0,2,,,,,,,
Whit Hughes,DH,6/25/2022,UU,2,2,2,0,1,0,0,1,,,,,,,
Kevin Koziol,DH,6/25/2022,UU,2,2,0,0,0,0,0,0,,,,,,,
Juan Lopez-Rios,DH,6/25/2022,UU,4,2,1,0,1,0,1,0,,,,1,,,
Drue Galassi,UU,6/25/2022,DH,9,2,3,0,0,0,0,2,,,,,,,
Kenny Rodriguez,UU,6/25/2022,DH,8,2,2,0,1,0,1,0,1,,,,,,
Malek Bolin,UU,6/25/2022,DH,0,2,3,0,1,0,0,1,,,,,,,
Ari Sechopoulos,UU,6/25/2022,DH,3,2,2,0,0,0,1,1,,,,,,,
Leandy Castro,UU,6/25/2022,DH,7,2,3,0,1,0,0,1,,,,,,,
Kevin Lambert,UU,6/25/2022,DH,6,2,3,0,0,0,0,1,,,,,,,
Matt Parkinson,UU,6/25/2022,DH,2,2,2,0,1,0,0,0,,,,,,,
Luis Atiles,UU,6/25/2022,DH,4,2,1,0,1,0,1,0,,,,,,,
Adam De La Cruz,UU,6/25/2022,DH,5,2,2,0,0,0,0,1,,,,,,,
Tanner Thomas,WM,6/26/2022,BB,8,1,4,0,0,0,0,1,,,,,,,
Nick Caruso,WM,6/26/2022,BB,3,1,4,0,1,0,0,2,,,,,,,
Connor Bagnieski,WM,6/26/2022,BB,7,1,3,1,0,0,1,0,,,,1,,,
Houston Parker,WM,6/26/2022,BB,4,1,3,0,1,1,0,1,,,,,,,
Christian Perez,WM,6/26/2022,BB,6,1,1,0,0,0,0,1,,,,,,,
Wade Weinburger Jr.,WM,6/26/2022,BB,9,1,3,0,0,0,0,2,,,,,,,
Buddy Dewaine Jr.,WM,6/26/2022,BB,5,1,3,1,1,1,0,1,,,1,,,,
Nathan Aide,WM,6/26/2022,BB,0,1,2,0,0,0,1,0,,,,,,,
Elijah Brown,WM,6/26/2022,BB,6,1,3,0,0,0,0,1,,,,,,,
Duncan Hewitt,WM,6/26/2022,BB,2,1,3,0,0,0,0,1,,,,,,,
Luke Fennelly,BB,6/26/2022,WM,4,1,4,1,1,1,0,0,,,,,,,
Chris Davis,BB,6/26/2022,WM,7,1,4,0,1,0,0,1,,,,,,,
Marcos Castillo,BB,6/26/2022,WM,8,1,4,0,1,2,0,0,,,,,,,
Wellington Guzman,BB,6/26/2022,WM,6,1,3,0,0,0,1,2,,,,,,,
Felix Aberouette,BB,6/26/2022,WM,2,1,3,0,2,0,1,0,,,,,,,
Ryan Sullivan,BB,6/26/2022,WM,3,1,3,0,1,0,0,0,,,,,,,
JD Stubbs,BB,6/26/2022,WM,3,1,1,0,0,0,0,0,,,,,,,
Eric Whitfield,BB,6/26/2022,WM,9,1,4,1,1,0,0,2,,,,,,,
Dakota McFadden,BB,6/26/2022,WM,0,1,3,0,1,0,1,1,,,,,,,
Cameron Collett,BB,6/26/2022,WM,5,1,4,1,0,0,0,2,,,,1,,,
Alex Pup,DH,6/29/2022,BB,6,1,4,0,1,0,0,3,,,,,,,
Blake Porter,DH,6/29/2022,BB,8,1,4,0,0,0,0,3,,,,,,,
Joe Burke,DH,6/29/2022,BB,3,1,4,0,0,0,0,1,,,,,,,
Yadi Rivera,DH,6/29/2022,BB,5,1,4,0,1,0,0,1,1,,,,,,
Walker Paz,DH,6/29/2022,BB,5,1,0,0,0,0,0,0,,,,,,,
Bryant Shellenbarger,DH,6/29/2022,BB,9,1,3,0,0,0,1,0,,,,,,,
Sean Lawlar,DH,6/29/2022,BB,7,1,4,0,0,0,0,3,,,,,,,
Nicholas Kreutzer,DH,6/29/2022,BB,0,1,3,2,2,2,1,0,,,2,,,,
Kevin Koziol,DH,6/29/2022,BB,2,1,4,0,0,0,0,2,,,,,1,,
Juan Lopez-Rios,DH,6/29/2022,BB,4,1,4,0,0,0,0,0,,,,,,,
Luke Fennelly,BB,6/29/2022,DH,4,1,4,1,1,0,0,0,1,,,,,,
Chris Davis,BB,6/29/2022,DH,7,1,3,0,0,0,1,1,,,,,1,,
Marcos Castillo,BB,6/29/2022,DH,8,1,4,1,1,1,0,3,,,,1,,,
JD Stubbs,BB,6/29/2022,DH,3,1,4,0,1,0,0,0,,,,,,,
Felix Aberouette,BB,6/29/2022,DH,2,1,4,0,2,1,0,0,,,,,,,
Wellington Guzman,BB,6/29/2022,DH,6,1,4,0,0,0,0,2,,,,,,,
Eric Whitfield,BB,6/29/2022,DH,9,1,4,0,1,0,0,0,,,,,,,
Cameron Collett,BB,6/29/2022,DH,0,1,3,0,0,0,0,2,,,,,,,
Erick Ramirez,BB,6/29/2022,DH,5,1,3,0,0,0,0,0,,,,,,,
Alex Pup,DH,7/1/2022,BB,6,1,5,0,0,0,0,2,,,,,,,
Blake Porter,DH,7/1/2022,BB,8,1,4,0,2,1,1,2,1,,,1,,,
Joe Burke,DH,7/1/2022,BB,3,1,5,0,1,0,0,1,,,,,,,
Yadi Rivera,DH,7/1/2022,BB,5,1,4,1,2,1,0,0,,,1,,,,
Nicholas Kreutzer,DH,7/1/2022,BB,0,1,2,0,0,0,2,0,,,,,,,
Sean Lawlar,DH,7/1/2022,BB,9,1,2,0,0,0,2,2,,,,,,,
Noah Marcoux,DH,7/1/2022,BB,7,1,2,1,0,0,2,1,,,,,,,
Kevin Koziol,DH,7/1/2022,BB,2,1,4,1,1,0,0,1,,,,,,,
Walker Paz,DH,7/1/2022,BB,4,1,3,0,0,1,1,1,,,,1,,,
Luke Fennelly,BB,7/1/2022,DH,4,1,3,2,2,2,2,1,2,,,,,,
Chris Davis,BB,7/1/2022,DH,7,1,5,1,1,1,0,2,,,,,,,
Marcos Castillo,BB,7/1/2022,DH,8,1,4,2,1,1,0,0,,,,,,1,
JD Stubbs,BB,7/1/2022,DH,0,1,4,1,2,0,1,1,,,,,,,
Felix Aberouette,BB,7/1/2022,DH,2,1,4,1,2,2,0,1,1,,,,,1,
Wellington Guzman,BB,7/1/2022,DH,6,1,4,1,2,2,1,2,1,,,,,,
Eric Whitfield,BB,7/1/2022,DH,9,1,4,0,1,1,0,2,,,,,,,
Dakota McFadden,BB,7/1/2022,DH,3,1,4,1,0,0,0,1,,,,,,,
Erick Ramirez,BB,7/1/2022,DH,5,1,3,2,1,0,1,2,,,,,,,
Drue Galassi,UU,7/2/2022,WM,8,1,3,0,0,0,1,2,,,,,,,
Malek Bolin,UU,7/2/2022,WM,3,1,2,1,0,0,1,2,,,,,,,
Adam De La Cruz,UU,7/2/2022,WM,7,1,0,0,0,0,0,0,,,,,,,
Leandy Castro,UU,7/2/2022,WM,7,1,1,0,0,0,0,0,,,,,,,
Noah Childress,UU,7/2/2022,WM,0,1,3,1,1,0,0,1,,,,,,,
Ari Sechopoulos,UU,7/2/2022,WM,7,1,3,0,0,0,0,0,,,,,,,
Kevin Lambert,UU,7/2/2022,WM,5,1,3,1,2,1,0,1,,,,,,,
Matt Parkinson,UU,7/2/2022,WM,2,1,3,0,0,0,0,2,,,,,,,
Kenny Rodriguez,UU,7/2/2022,WM,9,1,3,2,1,2,0,0,1,,,,,,
Luis Atiles,UU,7/2/2022,WM,6,1,2,0,1,1,0,0,,,,,,1,
Jonathan Hodo,UU,7/2/2022,WM,4,1,3,0,1,0,0,1,1,,,,,,
Buddy Dewaine Jr.,WM,7/2/2022,UU,5,1,4,0,1,0,0,1,,,,,,,
Tanner Thomas,WM,7/2/2022,UU,8,1,3,0,1,0,1,2,,,,,,,
Bryan Leef,WM,7/2/2022,UU,9,1,3,0,1,0,0,0,,,,1,,1,
Houston Parker,WM,7/2/2022,UU,4,1,4,1,2,0,0,1,,,,,,,
Connor Bagnieski,WM,7/2/2022,UU,7,1,1,1,0,0,1,0,,,,,,1,
Wade Weinburger Jr.,WM,7/2/2022,UU,0,1,2,1,2,0,1,0,,,,,,,
Duncan Hewitt,WM,7/2/2022,UU,2,1,3,0,0,0,0,2,,,,,,,
Christian Perez,WM,7/2/2022,UU,6,1,3,0,1,1,0,0,,,,,,,
Elijah Brown,WM,7/2/2022,UU,3,1,3,1,2,2,0,0,,,1,,,,
Drue Galassi,UU,7/2/2022,WM,8,2,3,0,0,0,0,3,,,,,,,
Malek Bolin,UU,7/2/2022,WM,7,2,2,0,0,0,0,0,,,,,,,
Leandy Castro,UU,7/2/2022,WM,9,2,2,0,0,0,0,0,,,,,,,
Ari Sechopoulos,UU,7/2/2022,WM,3,2,2,1,1,1,0,0,,,1,,,,
Noah Childress,UU,7/2/2022,WM,0,2,2,0,0,0,0,0,,,,,,,
Kevin Lambert,UU,7/2/2022,WM,6,2,2,0,0,0,0,1,,,,,,,
Matt Parkinson,UU,7/2/2022,WM,2,2,2,0,1,0,0,0,,,,,,,
Luis Atiles,UU,7/2/2022,WM,4,2,2,0,0,0,0,1,,,,,,,
Adam De La Cruz,UU,7/2/2022,WM,5,2,2,0,0,0,0,1,,,,,,,
Buddy Dewaine Jr.,WM,7/2/2022,UU,5,2,3,0,0,0,0,2,,,,,,,
Tanner Thomas,WM,7/2/2022,UU,8,2,3,0,0,0,0,1,,,,,,,
Bryan Leef,WM,7/2/2022,UU,9,2,3,1,1,0,0,2,,,,,,,
Houston Parker,WM,7/2/2022,UU,2,2,3,1,2,0,0,1,,,,,,,
Connor Bagnieski,WM,7/2/2022,UU,7,2,2,0,0,0,1,0,,,,,,,
Greg Vaughn Jr.,WM,7/2/2022,UU,0,2,1,0,1,0,2,0,,,,,,,
Duncan Hewitt,WM,7/2/2022,UU,2,2,3,0,1,0,0,1,,,,,,,
Christian Perez,WM,7/2/2022,UU,6,2,2,0,0,0,0,0,,,,,,,
Wade Weinburger Jr.,WM,7/2/2022,UU,6,2,0,0,0,1,1,0,,,,,,,
Elijah Brown,WM,7/2/2022,UU,3,2,2,0,0,0,0,1,,,,,,,
Luke Fennelly,BB,7/3/2022,DH,4,1,4,1,1,0,0,0,,,,,,,
Chris Davis,BB,7/3/2022,DH,7,1,3,1,2,1,2,0,,,,,,,
Marcos Castillo,BB,7/3/2022,DH,8,1,5,0,1,1,0,1,,,,,,,
JD Stubbs,BB,7/3/2022,DH,3,1,5,1,1,0,0,2,,,,,,,
Felix Aberouette,BB,7/3/2022,DH,2,1,4,0,1,1,0,1,,,,,,,
Wellington Guzman,BB,7/3/2022,DH,6,1,2,0,0,0,2,0,,,,,,,
Eric Whitfield,BB,7/3/2022,DH,9,1,4,1,1,2,0,0,,,,,,,
Dakota McFadden,BB,7/3/2022,DH,0,1,4,1,2,0,0,1,,,,,,,
Erick Ramirez,BB,7/3/2022,DH,5,1,4,1,2,1,0,2,,,,,,,
Alex Pup,DH,7/3/2022,BB,6,1,4,0,0,0,0,1,,,,,,,
Blake Porter,DH,7/3/2022,BB,8,1,4,0,1,0,0,2,,,,,,,
Yadi Rivera,DH,7/3/2022,BB,5,1,3,0,0,0,1,0,,,,,,,
Joe Burke,DH,7/3/2022,BB,3,1,4,0,0,0,0,0,,,,,,,
Bryant Shellenbarger,DH,7/3/2022,BB,9,1,4,0,1,0,0,3,,,,,,,
Nicholas Kreutzer,DH,7/3/2022,BB,0,1,3,0,0,0,1,2,,,,,,,
Noah Marcoux,DH,7/3/2022,BB,7,1,3,0,0,0,0,1,,,,,,,
Kevin Koziol,DH,7/3/2022,BB,2,1,3,0,0,0,0,1,,,,,,,
Juan Lopez-Rios,DH,7/3/2022,BB,4,1,3,0,2,0,0,0,,,,,,,
Chris Davis,BB,7/5/2022,DH,7,1,5,2,3,1,0,1,1,,,,,,
Luke Fennelly,BB,7/5/2022,DH,4,1,4,0,1,0,1,2,,,,,,,
Marcos Castillo,BB,7/5/2022,DH,8,1,5,0,3,3,0,2,,,,,2,,
Felix Aberouette,BB,7/5/2022,DH,0,1,4,0,0,0,1,4,,,,,,,
Eric Whitfield,BB,7/5/2022,DH,9,1,4,0,1,0,0,1,,,,,,,
JD Stubbs,BB,7/5/2022,DH,3,1,4,0,0,0,0,4,,,,,,,
Erick Ramirez,BB,7/5/2022,DH,6,1,3,0,0,0,1,2,,,,1,,,
Dakota McFadden,BB,7/5/2022,DH,2,1,4,2,3,0,0,0,1,,,1,,,
Cameron Collett,BB,7/5/2022,DH,5,1,3,1,1,0,1,1,,,,,,,
Alex Pup,DH,7/5/2022,BB,6,1,3,1,0,0,1,1,,,,,,,
Blake Porter,DH,7/5/2022,BB,8,1,3,0,0,0,1,1,,,,,,,
Yadi Rivera,DH,7/5/2022,BB,5,1,3,0,0,0,1,1,,,,1,,,
Joe Burke,DH,7/5/2022,BB,3,1,4,0,1,1,0,0,,,,,,,
Bryant Shellenbarger,DH,7/5/2022,BB,9,1,4,0,0,0,0,2,,,,,,,
Nicholas Kreutzer,DH,7/5/2022,BB,0,1,3,0,0,0,1,1,,,,,,,
Sean Lawlar,DH,7/5/2022,BB,7,1,4,0,1,0,0,2,,,,,,,
Kevin Koziol,DH,7/5/2022,BB,2,1,2,0,0,0,0,1,,,,,,,
Whit Hughes,DH,7/5/2022,BB,2,1,1,0,0,0,0,1,,,,,,,
Juan Lopez-Rios,DH,7/5/2022,BB,4,1,3,0,0,0,0,0,,,,,,,
Buddy Dewaine Jr.,WM,7/6/2022,DH,6,1,5,0,1,0,0,4,1,,,,,,
Connor Bagnieski,WM,7/6/2022,DH,7,1,4,1,2,0,1,1,,,,,,,
Bryan Leef,WM,7/6/2022,DH,8,1,3,1,0,0,1,1,,,,1,,1,
Houston Parker,WM,7/6/2022,DH,5,1,4,0,2,2,0,0,,,,,,1,
Wade Weinburger Jr.,WM,7/6/2022,DH,0,1,5,0,0,0,0,3,,,,,,,
Nick Caruso,WM,7/6/2022,DH,3,1,3,0,0,0,1,0,,,,,,,
Greg Vaughn Jr.,WM,7/6/2022,DH,9,1,3,0,1,0,1,0,,,,,,,
Duncan Hewitt,WM,7/6/2022,DH,2,1,4,0,0,0,0,1,,,,,,,
Elijah Brown,WM,7/6/2022,DH,4,1,3,0,0,0,0,0,,,,3,,1,
Juan Lopez-Rios,DH,7/6/2022,WM,4,1,3,0,1,0,0,0,,,,1,1,1,
Bryant Shellenbarger,DH,7/6/2022,WM,9,1,4,1,1,0,0,2,,,,,,,
Yadi Rivera,DH,7/6/2022,WM,5,1,3,1,0,0,0,2,,,,,,1,
Joe Burke,DH,7/6/2022,WM,3,1,3,0,1,2,1,2,1,,,,,,
Nicholas Kreutzer,DH,7/6/2022,WM,0,1,4,0,1,0,0,2,,,,,,,
Kevin Koziol,DH,7/6/2022,WM,0,1,0,0,0,0,0,0,,,,,,,
Alex Pup,DH,7/6/2022,WM,6,1,4,0,2,0,0,0,,,,1,,,
Sean Lawlar,DH,7/6/2022,WM,8,1,3,0,0,0,1,3,,,,,,,
Whit Hughes,DH,7/6/2022,WM,2,1,4,0,0,0,0,3,,,,,,,
Noah Marcoux,DH,7/6/2022,WM,7,1,3,0,0,0,0,1,,,,,,,
Drue Galassi,UU,7/7/2022,BB,8,1,4,0,0,0,0,2,,,,,,,
Malek Bolin,UU,7/7/2022,BB,3,1,4,0,2,1,0,1,,,,,,,
Leandy Castro,UU,7/7/2022,BB,9,1,4,0,0,0,0,1,,,,,,,
Ari Sechopoulos,UU,7/7/2022,BB,7,1,3,0,0,0,1,2,,,,,,,
Noah Childress,UU,7/7/2022,BB,0,1,3,0,0,0,1,2,,,,,,,
Kevin Lambert,UU,7/7/2022,BB,5,1,3,0,0,0,1,2,,,,,,,
Matt Parkinson,UU,7/7/2022,BB,2,1,4,0,0,0,0,2,,,,,,,
Luis Atiles,UU,7/7/2022,BB,6,1,2,0,0,0,1,0,,,,,,1,
Jonathan Hodo,UU,7/7/2022,BB,4,1,3,1,1,0,0,0,,,,1,,,
Chris Davis,BB,7/7/2022,UU,7,1,5,0,0,0,0,2,,,,,,,
Luke Fennelly,BB,7/7/2022,UU,4,1,3,0,1,1,1,1,1,,,,,,
Marcos Castillo,BB,7/7/2022,UU,8,1,4,1,1,0,0,0,1,,,,,,
Eric Whitfield,BB,7/7/2022,UU,9,1,4,1,1,1,0,1,,,,,,,
Felix Aberouette,BB,7/7/2022,UU,2,1,4,1,2,1,0,0,,,,,,,
Wellington Guzman,BB,7/7/2022,UU,6,1,4,1,2,1,0,1,,,1,,,,
JD Stubbs,BB,7/7/2022,UU,3,1,4,1,2,0,0,2,,,,,,,
Dakota McFadden,BB,7/7/2022,UU,0,1,2,0,0,1,0,0,,,,,,1,1
Cameron Collett,BB,7/7/2022,UU,5,1,4,1,1,0,0,1,,,,,,,
Elijah Brown,WM,7/8/2022,UU,3,1,4,1,1,1,0,1,,,1,,,,
Nick Caruso,WM,7/8/2022,UU,2,1,4,0,0,0,0,2,,,,,,,
Bryan Leef,WM,7/8/2022,UU,0,1,4,0,0,0,0,1,,,,,,,
Houston Parker,WM,7/8/2022,UU,5,1,2,0,0,0,0,0,,,,,,2,
Connor Bagnieski,WM,7/8/2022,UU,7,1,4,0,1,0,0,1,1,,,,,,
Greg Vaughn Jr.,WM,7/8/2022,UU,9,1,2,0,0,0,1,1,,,,,,,
Tanner Thomas,WM,7/8/2022,UU,8,1,3,0,0,0,0,0,,,,,,,
Christian Perez,WM,7/8/2022,UU,4,1,3,0,0,0,0,1,,,,,,,
Buddy Dewaine Jr.,WM,7/8/2022,UU,6,1,3,0,1,0,0,0,1,,,,1,,
Drue Galassi,UU,7/8/2022,WM,8,1,4,1,1,2,1,1,,,1,,,,
Malek Bolin,UU,7/8/2022,WM,7,1,4,0,1,0,0,1,,,,,,,
Leandy Castro,UU,7/8/2022,WM,9,1,3,0,0,0,1,2,,,,,,,
Ari Sechopoulos,UU,7/8/2022,WM,3,1,3,0,1,0,1,1,,,,,,,
Noah Childress,UU,7/8/2022,WM,0,1,4,0,1,0,0,0,,,,,,,
Kevin Lambert,UU,7/8/2022,WM,5,1,4,0,0,0,0,1,,,,,,,
Luis Atiles,UU,7/8/2022,WM,6,1,2,0,0,0,1,0,,,,,,1,
Matt Parkinson,UU,7/8/2022,WM,2,1,3,0,1,0,0,1,,,,,,1,
Jonathan Hodo,UU,7/8/2022,WM,4,1,4,2,2,0,0,0,,,,3,,,
Alex Pup,DH,7/12/2022,UU,6,1,3,1,1,1,2,0,,,,,,,
Blake Porter,DH,7/12/2022,UU,8,1,5,1,3,0,0,2,,,,1,,,
Yadi Rivera,DH,7/12/2022,UU,5,1,4,1,0,0,1,2,,,,,,,
Joe Burke,DH,7/12/2022,UU,3,1,1,1,1,0,0,0,,,,,,1,
Noah Marcoux,DH,7/12/2022,UU,3,1,1,0,0,1,1,0,,,,,,,
Nicholas Kreutzer,DH,7/12/2022,UU,0,1,3,0,1,1,1,1,,,,,,,
Bryant Shellenbarger,DH,7/12/2022,UU,9,1,3,0,0,2,0,0,,,,,,,1
Whit Hughes,DH,7/12/2022,UU,2,1,3,0,0,0,1,2,,,,,,,
Sean Lawlar,DH,7/12/2022,UU,7,1,4,0,0,0,0,0,,,,,,,
Juan Lopez-Rios,DH,7/12/2022,UU,4,1,4,1,2,0,0,1,,,,,,,
Drue Galassi,UU,7/12/2022,DH,8,1,4,0,1,1,0,1,,,,,,,
Malek Bolin,UU,7/12/2022,DH,7,1,3,1,0,0,1,1,,,,,,,
Leandy Castro,UU,7/12/2022,DH,9,1,3,1,0,0,1,0,,,,,,,
Ari Sechopoulos,UU,7/12/2022,DH,3,1,3,1,2,2,1,1,,,1,,,,
Kevin Lambert,UU,7/12/2022,DH,5,1,4,0,0,0,0,2,,,,,,,
Kenny Rodriguez,UU,7/12/2022,DH,0,1,4,1,2,1,0,1,,,,1,,,
Matt Parkinson,UU,7/12/2022,DH,2,1,3,1,1,0,0,0,1,,,,,,
Luis Atiles,UU,7/12/2022,DH,6,1,3,1,2,2,0,0,1,,,,,,
Jonathan Hodo,UU,7/12/2022,DH,4,1,3,0,0,0,0,0,,,,,,,
Drue Galassi,UU,7/14/2022,BB,8,1,5,0,0,0,0,1,,,,,,,
Adam De La Cruz,UU,7/14/2022,BB,5,1,5,1,1,0,0,1,,,,,,,
Leandy Castro,UU,7/14/2022,BB,9,1,4,1,0,0,1,2,,,,,,,
Ari Sechopoulos,UU,7/14/2022,BB,3,1,5,2,3,0,0,1,,,,1,,,
Noah Childress,UU,7/14/2022,BB,0,1,5,1,2,2,0,2,,,,,,,
Kevin Lambert,UU,7/14/2022,BB,6,1,5,1,1,3,0,2,,,1,,,,
Kenny Rodriguez,UU,7/14/2022,BB,7,1,2,0,0,1,0,1,,,,,,,
Jonathan Hodo,UU,7/14/2022,BB,4,1,2,0,1,0,0,1,,,,,1,,
Luis Atiles,UU,7/14/2022,BB,4,1,4,0,3,0,0,1,,,,,,,
Jake Martin,UU,7/14/2022,BB,2,1,3,0,0,0,1,1,,,,,,,
Luke Fennelly,BB,7/14/2022,UU,4,1,4,0,0,0,0,1,,,,,,,
Chris Davis,BB,7/14/2022,UU,7,1,4,0,0,0,0,1,,,,,,,
Ryan Sullivan,BB,7/14/2022,UU,0,1,3,0,0,0,1,1,,,,,,,
Felix Aberouette,BB,7/14/2022,UU,2,1,4,0,2,0,0,1,,,,,,,
JD Stubbs,BB,7/14/2022,UU,3,1,4,0,0,0,0,1,,,,,,,
Wellington Guzman,BB,7/14/2022,UU,6,1,3,0,0,0,0,2,,,,,,,
Marcos Castillo,BB,7/14/2022,UU,8,1,3,0,0,0,0,2,,,,,,,
Dakota McFadden,BB,7/14/2022,UU,9,1,3,1,2,0,0,0,1,,,,,,
Erick Ramirez,BB,7/14/2022,UU,5,1,3,0,1,1,0,1,1,,,,,,
Drue Galassi,UU,7/14/2022,BB,8,2,5,0,2,0,0,3,,,,,,,
Malek Bolin,UU,7/14/2022,BB,7,2,4,0,1,0,0,1,,,,,,,
Leandy Castro,UU,7/14/2022,BB,9,2,3,0,1,0,1,0,,,,,,,
Ari Sechopoulos,UU,7/14/2022,BB,3,2,4,0,0,0,0,2,,,,,,,
Noah Childress,UU,7/14/2022,BB,0,2,4,0,1,0,0,2,,,,,,,
Kevin Lambert,UU,7/14/2022,BB,5,2,4,0,0,0,0,2,,,,,,,
Luis Atiles,UU,7/14/2022,BB,6,2,4,0,1,0,0,1,,,,,,,
Matt Parkinson,UU,7/14/2022,BB,2,2,2,0,1,0,0,0,,,,,,,
Jake Martin,UU,7/14/2022,BB,2,2,1,0,0,0,1,1,,,,,,,
Jonathan Hodo,UU,7/14/2022,BB,4,2,2,0,1,0,1,1,,,,,,,
Adam De La Cruz,UU,7/14/2022,BB,4,2,1,0,0,0,0,1,,,,,,,
Cameron Collett,BB,7/14/2022,UU,5,2,4,0,0,0,0,3,,,,,,,
Luke Fennelly,BB,7/14/2022,UU,4,2,4,1,1,0,0,2,,,,,,,
Dakota McFadden,BB,7/14/2022,UU,3,2,4,2,3,0,0,0,1,,,,,,
Felix Aberouette,BB,7/14/2022,UU,2,2,4,1,2,1,0,1,,,,,,,
JD Stubbs,BB,7/14/2022,UU,0,2,4,1,1,2,0,1,,,,,,,
Marcos Castillo,BB,7/14/2022,UU,8,2,3,0,1,0,1,0,,,,,,,
Wellington Guzman,BB,7/14/2022,UU,6,2,3,0,0,1,1,2,,,,,,,
Erick Ramirez,BB,7/14/2022,UU,9,2,4,0,0,1,0,1,,,,,,,
Chris Davis,BB,7/14/2022,UU,7,2,3,0,1,0,1,2,,,,,,,
Elijah Brown,WM,7/15/2022,BB,4,1,4,0,1,2,1,0,,,,,,,
Nick Caruso,WM,7/15/2022,BB,3,1,5,0,3,1,0,1,1,,,,,,
Bryan Leef,WM,7/15/2022,BB,9,1,5,1,1,1,0,4,,,1,,,,
Houston Parker,WM,7/15/2022,BB,5,1,3,0,0,1,0,0,,,,,,1,1
Connor Bagnieski,WM,7/15/2022,BB,0,1,4,0,0,0,0,1,,,,,,,
Buddy Dewaine Jr.,WM,7/15/2022,BB,6,1,3,0,1,0,1,1,,,,,,,
Tanner Thomas,WM,7/15/2022,BB,8,1,3,1,0,0,1,0,,,,,,,
Duncan Hewitt,WM,7/15/2022,BB,2,1,3,1,1,0,0,0,,,,,,,
Greg Vaughn Jr.,WM,7/15/2022,BB,9,1,1,0,0,0,0,0,,,,,,,
Wade Weinburger Jr.,WM,7/15/2022,BB,7,1,2,2,1,0,2,0,,,,2,,,
Luke Fennelly,BB,7/15/2022,WM,4,1,4,2,1,2,1,1,,,1,,,,
Chris Davis,BB,7/15/2022,WM,7,1,4,0,0,0,1,0,,,,,,,
Dakota McFadden,BB,7/15/2022,WM,0,1,4,2,3,2,1,0,,,1,,,,
Felix Aberouette,BB,7/15/2022,WM,2,1,4,1,1,0,0,0,,,,,,1,
JD Stubbs,BB,7/15/2022,WM,3,1,5,0,2,0,0,1,,,,,,,
Marcos Castillo,BB,7/15/2022,WM,8,1,5,2,1,1,0,1,1,,,,,,
Wellington Guzman,BB,7/15/2022,WM,6,1,3,0,0,0,1,2,,,,,,,
Erick Ramirez,BB,7/15/2022,WM,9,1,3,0,1,1,1,1,,,,,,,
Cameron Collett,BB,7/15/2022,WM,5,1,4,1,2,0,0,0,1,,,,,,
Elijah Brown,WM,7/16/2022,DH,3,1,2,0,0,0,1,1,,,,,,,
Nick Caruso,WM,7/16/2022,DH,0,1,3,0,1,0,0,0,,,,1,,,
Bryan Leef,WM,7/16/2022,DH,8,1,3,0,0,0,0,1,,,,,,,
Houston Parker,WM,7/16/2022,DH,4,1,3,0,0,0,0,1,,,,,,,
Connor Bagnieski,WM,7/16/2022,DH,7,1,2,0,0,0,0,1,,,,,,,
Greg Vaughn Jr.,WM,7/16/2022,DH,9,1,0,0,0,0,2,0,,,,,,,
Buddy Dewaine Jr.,WM,7/16/2022,DH,5,1,2,0,0,0,0,0,,,,,,,
Duncan Hewitt,WM,7/16/2022,DH,2,1,2,0,0,0,0,1,,,,,,,
Christian Perez,WM,7/16/2022,DH,6,1,2,0,1,0,0,0,,,,,,,
Alex Pup,DH,7/16/2022,WM,6,1,3,0,0,0,0,1,,,,,,,
Blake Porter,DH,7/16/2022,WM,8,1,3,1,1,0,0,1,,,,,,,
Yadi Rivera,DH,7/16/2022,WM,5,1,2,1,1,0,1,0,,,,,,,
Nicholas Kreutzer,DH,7/16/2022,WM,0,1,3,1,1,2,0,1,,,1,,,,
Bryant Shellenbarger,DH,7/16/2022,WM,9,1,3,1,2,1,0,0,,,,,,,
Sean Lawlar,DH,7/16/2022,WM,7,1,2,0,1,0,1,0,,,,,,,
Whit Hughes,DH,7/16/2022,WM,2,1,3,0,1,0,0,1,,,,,,,
Noah Marcoux,DH,7/16/2022,WM,3,1,1,0,0,0,1,0,,,,,,,
Juan Lopez-Rios,DH,7/16/2022,WM,4,1,2,0,0,1,0,1,,,,,,,
Elijah Brown,WM,7/16/2022,DH,3,2,2,1,0,0,2,1,,,,2,,,
Nick Caruso,WM,7/16/2022,DH,2,2,4,1,1,2,0,0,,,,,,,
Bryan Leef,WM,7/16/2022,DH,9,2,4,1,1,0,0,2,,,,,,,
Houston Parker,WM,7/16/2022,DH,5,2,4,1,2,1,0,1,1,,,,,,
Connor Bagnieski,WM,7/16/2022,DH,4,2,2,0,1,0,1,1,,,,,,,
Wade Weinburger Jr.,WM,7/16/2022,DH,7,2,2,1,1,2,1,1,,,,,,,
Greg Vaughn Jr.,WM,7/16/2022,DH,0,2,1,1,0,0,1,0,,,,,,,
Buddy Dewaine Jr.,WM,7/16/2022,DH,0,2,1,0,0,0,0,0,,,,,,,
Tanner Thomas,WM,7/16/2022,DH,8,2,3,1,1,1,0,2,,,,,,,
Christian Perez,WM,7/16/2022,DH,6,2,3,0,1,0,0,2,,,,,,,
Alex Pup,DH,7/16/2022,WM,6,2,4,1,1,1,0,1,,,,,,,
Blake Porter,DH,7/16/2022,WM,8,2,1,0,0,1,2,0,,,,,,1,
Yadi Rivera,DH,7/16/2022,WM,5,2,4,0,1,0,0,2,,,,,,,
Joe Burke,DH,7/16/2022,WM,0,2,3,0,0,0,0,2,,,,,,,
Bryant Shellenbarger,DH,7/16/2022,WM,9,2,3,0,1,1,0,1,,,,,,,
Nicholas Kreutzer,DH,7/16/2022,WM,3,2,1,1,0,0,2,0,,,,,,,
Noah Marcoux,DH,7/16/2022,WM,7,2,3,1,1,0,0,1,,,,,,,
Kevin Koziol,DH,7/16/2022,WM,2,2,3,0,0,0,0,2,,,,,,,
Walker Paz,DH,7/16/2022,WM,4,2,0,0,0,0,2,0,,,,,,1,
Alex Pup,DH,7/19/2022,WM,6,1,4,1,1,0,1,0,,,,,,,
Blake Porter,DH,7/19/2022,WM,8,1,5,1,1,0,0,0,,,,,,,
Yadi Rivera,DH,7/19/2022,WM,5,1,3,1,1,0,2,0,,,,,,,
Joe Burke,DH,7/19/2022,WM,3,1,5,2,2,4,0,0,1,,1,,,,
Nicholas Kreutzer,DH,7/19/2022,WM,0,1,3,2,1,0,2,0,,,,,,,
Bryant Shellenbarger,DH,7/19/2022,WM,9,1,3,2,2,0,2,0,1,,,,,,
Whit Hughes,DH,7/19/2022,WM,2,1,4,0,1,1,0,3,,,,,,,1
Noah Marcoux,DH,7/19/2022,WM,7,1,4,0,4,3,0,0,,,,,,,
Juan Lopez-Rios,DH,7/19/2022,WM,4,1,4,0,1,1,0,1,,,,,,,
Tanner Thomas,WM,7/19/2022,DH,8,1,5,1,3,2,0,1,,,1,1,1,,
Nick Caruso,WM,7/19/2022,DH,0,1,4,0,0,0,0,2,,,,,,1,
Wade Weinburger Jr.,WM,7/19/2022,DH,9,1,3,1,0,0,1,2,,,,,,,
Houston Parker,WM,7/19/2022,DH,5,1,3,1,0,0,0,1,,,,,,1,
Buddy Dewaine Jr.,WM,7/19/2022,DH,6,1,4,1,1,1,0,0,,,,,,,
Bryan Leef,WM,7/19/2022,DH,7,1,2,1,1,0,1,1,,,,,,1,
Elijah Brown,WM,7/19/2022,DH,3,1,4,1,1,4,0,0,,,1,,,,
Duncan Hewitt,WM,7/19/2022,DH,2,1,4,1,2,0,0,1,1,,,,,,
Connor Bagnieski,WM,7/19/2022,DH,4,1,4,0,2,0,0,1,,,,,,,
Tanner Thomas,WM,7/20/2022,BB,8,1,3,0,1,0,1,0,,,,,,,
Nick Caruso,WM,7/20/2022,BB,2,1,4,0,1,0,0,0,,,,,,,
Wade Weinburger Jr.,WM,7/20/2022,BB,9,1,3,0,1,0,1,1,,,,,,,
Houston Parker,WM,7/20/2022,BB,5,1,3,0,0,0,0,1,,,,,,1,
Buddy Dewaine Jr.,WM,7/20/2022,BB,6,1,4,0,0,0,0,1,,,,,,,
Elijah Brown,WM,7/20/2022,BB,3,1,3,3,2,0,1,0,,,,2,,,
Duncan Hewitt,WM,7/20/2022,BB,0,1,4,2,3,4,0,0,2,,1,,,,
Christian Perez,WM,7/20/2022,BB,4,1,1,0,0,0,1,1,,,,,,,
Bryan Leef,WM,7/20/2022,BB,7,1,2,1,1,2,0,1,,,1,,,,
Connor Bagnieski,WM,7/20/2022,BB,7,1,3,0,0,0,0,0,,,,,,,
Marcos Castillo,BB,7/20/2022,WM,8,1,4,1,1,1,0,1,,,1,,,,
Luke Fennelly,BB,7/20/2022,WM,4,1,2,1,0,0,0,2,,,,,,1,
Dakota McFadden,BB,7/20/2022,WM,0,1,3,2,2,1,0,0,,,1,,,,
Felix Aberouette,BB,7/20/2022,WM,2,1,3,1,1,3,0,0,,,1,,,,
Eric Whitfield,BB,7/20/2022,WM,9,1,3,0,0,0,0,2,,,,,,,
Ryan Sullivan,BB,7/20/2022,WM,3,1,3,0,1,0,0,0,,,,,,,
Wellington Guzman,BB,7/20/2022,WM,6,1,3,0,1,0,0,2,,,,,,,
Cameron Collett,BB,7/20/2022,WM,5,1,3,0,0,0,0,2,,,,,,,
Erick Ramirez,BB,7/20/2022,WM,7,1,3,0,0,0,0,3,,,,,,,
Drue Galassi,UU,7/21/2022,DH,8,1,4,2,1,3,1,1,,,1,,,,
Malek Bolin,UU,7/21/2022,DH,7,1,5,1,1,1,0,0,,,,,,,
Leandy Castro,UU,7/21/2022,DH,9,1,4,1,1,0,1,1,,,,,,,
Ari Sechopoulos,UU,7/21/2022,DH,3,1,5,1,3,1,0,2,1,,,,,,
Noah Childress,UU,7/21/2022,DH,0,1,5,1,1,0,0,1,,,,,,,
Kevin Lambert,UU,7/21/2022,DH,5,1,3,1,1,0,1,1,,,,,,1,
Matt Parkinson,UU,7/21/2022,DH,2,1,3,1,1,0,0,2,1,,,,,1,
Jake Martin,UU,7/21/2022,DH,2,1,0,0,0,0,0,0,,,,,,1,
Luis Atiles,UU,7/21/2022,DH,6,1,3,2,2,1,1,0,,,,,,,
Adam De La Cruz,UU,7/21/2022,DH,5,1,1,0,0,0,0,1,,,,,,,
Jonathan Hodo,UU,7/21/2022,DH,4,1,5,1,2,2,0,1,1,,,,,,
Alex Pup,DH,7/21/2022,UU,6,1,4,0,0,0,0,3,,,,,,,
Blake Porter,DH,7/21/2022,UU,8,1,4,0,2,0,0,1,,,,,,,
Yadi Rivera,DH,7/21/2022,UU,5,1,3,0,1,0,0,1,,,,,,1,
Joe Burke,DH,7/21/2022,UU,3,1,3,0,0,0,1,0,,,,,,,
Nicholas Kreutzer,DH,7/21/2022,UU,0,1,3,0,0,0,0,1,,,,,,1,
Bryant Shellenbarger,DH,7/21/2022,UU,9,1,4,1,1,1,0,0,,,1,,,,
Whit Hughes,DH,7/21/2022,UU,2,1,4,0,2,0,0,2,,,,,,,
Sean Lawlar,DH,7/21/2022,UU,7,1,4,0,1,0,0,2,,,,,,,
Walker Paz,DH,7/21/2022,UU,4,1,4,0,1,0,0,1,,,,,1,,
Alex Pup,DH,7/22/2022,WM,6,1,3,1,1,0,0,0,,,,,,1,
Blake Porter,DH,7/22/2022,WM,8,1,4,1,1,1,0,0,,,1,2,,,
Yadi Rivera,DH,7/22/2022,WM,5,1,4,0,0,0,0,2,,,,,,,
Joe Burke,DH,7/22/2022,WM,3,1,4,0,0,0,0,1,,,,,,,
Nicholas Kreutzer,DH,7/22/2022,WM,0,1,3,0,2,0,1,1,,,,,,,
Bryant Shellenbarger,DH,7/22/2022,WM,9,1,3,0,0,0,0,1,,,,,,,
Whit Hughes,DH,7/22/2022,WM,2,1,2,0,0,0,0,1,,,,,,,
Sean Lawlar,DH,7/22/2022,WM,H,1,1,0,0,0,0,0,,,,,,,
Kevin Koziol,DH,7/22/2022,WM,2,1,0,0,0,0,0,0,,,,,,,
Noah Marcoux,DH,7/22/2022,WM,7,1,3,0,0,0,0,1,,,,,,,
Juan Lopez-Rios,DH,7/22/2022,WM,4,1,3,0,0,0,0,2,,,,,,,
Connor Bagnieski,WM,7/22/2022,DH,8,1,5,1,1,0,0,1,,,,,,,
Nick Caruso,WM,7/22/2022,DH,2,1,4,1,2,0,0,1,1,,,,,,
Wade Weinburger Jr.,WM,7/22/2022,DH,7,1,3,0,1,1,1,1,,,,1,,,
Houston Parker,WM,7/22/2022,DH,5,1,4,1,3,0,0,1,,,,,,,
Bryan Leef,WM,7/22/2022,DH,9,1,4,1,1,3,0,2,,,1,,,,
Elijah Brown,WM,7/22/2022,DH,3,1,3,1,0,0,1,0,,,,1,,,
Duncan Hewitt,WM,7/22/2022,DH,0,1,2,0,0,1,1,0,,,,,,,1
Buddy Dewaine Jr.,WM,7/22/2022,DH,6,1,3,0,0,0,1,1,,,,1,,,
Christian Perez,WM,7/22/2022,DH,4,1,4,0,0,0,0,0,,,,,,,
Luke Fennelly,BB,7/23/2022,UU,4,1,3,0,0,0,0,1,,,,,,,
Marcos Castillo,BB,7/23/2022,UU,8,1,2,0,2,0,1,0,,,,1,,,
Dakota McFadden,BB,7/23/2022,UU,2,1,3,0,0,0,0,0,,,,,,,
Felix Aberouette,BB,7/23/2022,UU,0,1,1,0,0,0,1,0,,,,,,,
Eric Whitfield,BB,7/23/2022,UU,9,1,2,0,0,0,0,0,,,,,,,
JD Stubbs,BB,7/23/2022,UU,3,1,2,0,0,0,0,0,,,,,,,
Wellington Guzman,BB,7/23/2022,UU,6,1,1,0,0,0,1,0,,,,,,,
Travious Ford,BB,7/23/2022,UU,7,1,2,0,0,0,0,0,,,,,,,
Cameron Collett,BB,7/23/2022,UU,5,1,2,0,1,0,0,1,1,,,,,,
Drue Galassi,UU,7/23/2022,BB,8,1,3,2,2,1,0,0,,,1,,,,
Malek Bolin,UU,7/23/2022,BB,7,1,3,1,1,2,0,0,,,1,,,,
Leandy Castro,UU,7/23/2022,BB,9,1,3,1,0,0,0,1,,,,,,,
Ari Sechopoulos,UU,7/23/2022,BB,3,1,2,0,0,0,1,0,,,,,,,
Noah Childress,UU,7/23/2022,BB,0,1,1,1,1,1,1,0,,,,,,1,
Kevin Lambert,UU,7/23/2022,BB,6,1,2,1,1,0,1,0,,,,,,,
Adam De La Cruz,UU,7/23/2022,BB,5,1,2,0,0,0,1,0,,,,,,,
Luis Atiles,UU,7/23/2022,BB,4,1,2,0,0,0,1,0,,,,,,,
Jake Martin,UU,7/23/2022,BB,2,1,3,0,1,0,0,0,,,,,,,
Luke Fennelly,BB,7/23/2022,UU,4,2,4,0,0,0,0,1,,,,,,,
Marcos Castillo,BB,7/23/2022,UU,8,2,2,2,2,0,1,0,,,,,,1,
Dakota McFadden,BB,7/23/2022,UU,0,2,2,2,2,0,1,0,,,,,,,
Travious Ford,BB,7/23/2022,UU,0,2,1,0,0,0,0,1,,,,,,,
Felix Aberouette,BB,7/23/2022,UU,2,2,3,1,1,1,1,1,,,,,,,
Ryan Sullivan,BB,7/23/2022,UU,7,2,4,0,0,1,0,3,,,,,,,
Eric Whitfield,BB,7/23/2022,UU,9,2,1,0,0,1,1,0,,,,,,,1
Wellington Guzman,BB,7/23/2022,UU,6,2,3,0,1,1,0,1,,,,,,,
JD Stubbs,BB,7/23/2022,UU,3,2,2,0,0,1,0,0,,,,,,1,
Erick Ramirez,BB,7/23/2022,UU,5,2,3,0,1,0,0,0,,,,,,,
Drue Galassi,UU,7/23/2022,BB,8,2,4,0,0,0,0,4,,,,,,,
Malek Bolin,UU,7/23/2022,BB,7,2,2,1,1,0,0,0,,,,,,1,
Leandy Castro,UU,7/23/2022,BB,9,2,3,0,1,0,0,1,,,,,,,
Ari Sechopoulos,UU,7/23/2022,BB,3,2,3,1,2,2,0,1,,,1,,,,
Noah Childress,UU,7/23/2022,BB,0,2,3,0,1,0,0,1,,,,,,,
Adam De La Cruz,UU,7/23/2022,BB,R,2,0,1,0,0,0,0,,,,,,,
Kevin Lambert,UU,7/23/2022,BB,5,2,3,0,0,0,0,2,,,,,,,
Luis Atiles,UU,7/23/2022,BB,6,2,3,0,2,0,0,1,,,,,,,
Matt Parkinson,UU,7/23/2022,BB,2,2,3,0,2,0,0,1,,,,,,,
Jonathan Hodo,UU,7/23/2022,BB,4,2,3,0,1,1,0,1,,,,,,,
Tanner Thomas,WM,7/27/2022,BB,8,1,4,0,0,0,0,1,,,,,,,
Mitch Moralez,WM,7/27/2022,BB,7,1,4,0,1,0,0,0,,,,,,,
Elijah Brown,WM,7/27/2022,BB,3,1,4,0,1,0,0,1,,,,,,,
Houston Parker,WM,7/27/2022,BB,5,1,4,0,1,0,0,0,,,,,,,
Bryan Leef,WM,7/27/2022,BB,9,1,4,0,0,0,0,3,,,,,,,
Greg Vaughn Jr.,WM,7/27/2022,BB,0,1,3,0,0,0,1,2,,,,,,,
Duncan Hewitt,WM,7/27/2022,BB,2,1,3,0,0,0,0,0,,,,,,,
Buddy Dewaine Jr.,WM,7/27/2022,BB,6,1,3,0,1,0,0,1,1,,,,,,
Connor Bagnieski,WM,7/27/2022,BB,4,1,3,0,0,0,0,0,,,,,,,
Luke Fennelly,BB,7/27/2022,WM,4,1,4,0,0,0,0,1,,,,,,,
Marcos Castillo,BB,7/27/2022,WM,8,1,3,0,2,0,1,0,,,,,,,
Dakota McFadden,BB,7/27/2022,WM,0,1,3,0,0,0,1,0,,,,,,,
Felix Aberouette,BB,7/27/2022,WM,2,1,4,0,0,0,0,0,,,,,,,
Eric Whitfield,BB,7/27/2022,WM,9,1,3,1,1,0,1,0,,,,,,,
JD Stubbs,BB,7/27/2022,WM,3,1,3,2,2,0,1,0,,,,,,,
Ryan Sullivan,BB,7/27/2022,WM,7,1,4,1,1,1,0,2,1,,,,,,
Cameron Collett,BB,7/27/2022,WM,5,1,4,0,2,1,0,1,1,,,,,,
Wellington Guzman,BB,7/27/2022,WM,6,1,3,0,1,2,0,0,,,,,,,
Drue Galassi,UU,7/28/2022,DH,8,1,3,0,0,0,1,0,,,,,,,
Malek Bolin,UU,7/28/2022,DH,7,1,3,0,1,0,1,1,1,,,,,,
Leandy Castro,UU,7/28/2022,DH,9,1,4,0,1,0,0,2,,,,,,,
Ari Sechopoulos,UU,7/28/2022,DH,3,1,3,1,0,0,1,0,,,,,,,
Noah Childress,UU,7/28/2022,DH,0,1,4,1,2,2,0,1,1,,1,,,,
Kevin Lambert,UU,7/28/2022,DH,5,1,3,0,0,0,1,2,,,,,,,
Jake Martin,UU,7/28/2022,DH,2,1,2,0,0,0,0,2,,,,,,,
Matt Parkinson,UU,7/28/2022,DH,2,1,2,0,0,0,0,1,,,,,,,
Luis Atiles,UU,7/28/2022,DH,6,1,3,0,0,0,0,0,,,,,,,
Jonathan Hodo,UU,7/28/2022,DH,4,1,3,0,0,0,0,0,,,,,,,
Alex Pup,DH,7/28/2022,UU,6,1,4,1,2,0,0,0,,,,1,,,
Blake Porter,DH,7/28/2022,UU,8,1,4,0,1,1,0,2,,,,,,,
Yadi Rivera,DH,7/28/2022,UU,5,1,4,0,1,1,0,0,,,,,,,
Joe Burke,DH,7/28/2022,UU,3,1,4,0,0,0,0,2,,,,,,,
Nicholas Kreutzer,DH,7/28/2022,UU,0,1,3,0,0,0,1,2,,,,,,,
Bryant Shellenbarger,DH,7/28/2022,UU,9,1,3,1,0,0,1,0,,,,,,,
Christian Perez,DH,7/28/2022,UU,4,1,3,1,1,0,1,0,,,,1,,,
Sean Lawlar,DH,7/28/2022,UU,7,1,3,0,2,2,0,1,,,,,,1,
Kevin Koziol,DH,7/28/2022,UU,2,1,4,1,0,0,0,1,,,,,,,
Mitch Moralez,WM,7/29/2022,UU,4,1,3,0,0,3,0,0,,,,,,2,
Tanner Thomas,WM,7/29/2022,UU,8,1,5,1,2,2,0,2,,,1,,,,
Wade Weinburger Jr.,WM,7/29/2022,UU,0,1,2,0,2,2,1,0,1,,,,1,,1
Houston Parker,WM,7/29/2022,UU,5,1,3,0,1,1,1,0,,,,,,,
Elijah Brown,WM,7/29/2022,UU,3,1,4,0,1,0,0,0,1,,,,,,
Bryan Leef,WM,7/29/2022,UU,9,1,4,1,1,0,0,1,,,,1,,,
Duncan Hewitt,WM,7/29/2022,UU,2,1,0,2,0,0,4,0,,,,,,,
Buddy Dewaine Jr.,WM,7/29/2022,UU,6,1,4,2,2,0,0,0,,,,1,,,
Connor Bagnieski,WM,7/29/2022,UU,7,1,2,2,0,0,2,0,,,,,,,
Drue Galassi,UU,7/29/2022,WM,8,1,4,0,2,1,1,0,,,,1,,,
Malek Bolin,UU,7/29/2022,WM,7,1,4,0,2,1,1,2,,,,,,,
Leandy Castro,UU,7/29/2022,WM,9,1,3,0,0,1,0,0,,,,,,,1
Ari Sechopoulos,UU,7/29/2022,WM,3,1,4,0,0,0,0,3,,,,,,,
Noah Childress,UU,7/29/2022,WM,0,1,3,0,1,0,1,0,,,,,,,
Kevin Lambert,UU,7/29/2022,WM,5,1,2,1,0,0,2,1,,,,,,,
Matt Parkinson,UU,7/29/2022,WM,2,1,3,2,0,0,0,2,,,,,,1,
Luis Atiles,UU,7/29/2022,WM,6,1,2,2,1,1,2,0,,,,,,,
Jonathan Hodo,UU,7/29/2022,WM,4,1,2,1,1,1,2,1,,,,,,,
Alex Pup,DH,7/30/2022,BB,6,1,3,1,1,0,0,0,,,,,,,
Blake Porter,DH,7/30/2022,BB,8,1,3,0,1,0,0,1,,,,,,,
Yadi Rivera,DH,7/30/2022,BB,5,1,2,0,0,0,1,0,,,,,,,
Joe Burke,DH,7/30/2022,BB,3,1,3,0,0,1,0,1,,,,,,,
Nicholas Kreutzer,DH,7/30/2022,BB,0,1,2,0,1,0,1,1,,,,,,,
Christian Perez,DH,7/30/2022,BB,R,1,0,0,0,0,0,0,,,,,,,
Bryant Shellenbarger,DH,7/30/2022,BB,9,1,3,0,1,0,0,0,,,,,,,
Whit Hughes,DH,7/30/2022,BB,2,1,2,0,0,0,0,0,,,,,,,
Sean Lawlar,DH,7/30/2022,BB,7,1,2,0,1,0,0,1,,,,,,,
Christian Fedko,DH,7/30/2022,BB,4,1,2,0,0,0,0,1,,,,,,,
Luke Fennelly,BB,7/30/2022,DH,4,1,3,1,1,0,0,0,1,,,1,,,
Marcos Castillo,BB,7/30/2022,DH,8,1,3,0,1,1,0,1,,,,,,,
Felix Aberouette,BB,7/30/2022,DH,2,1,3,0,0,0,0,1,,,,,,,
Dakota McFadden,BB,7/30/2022,DH,0,1,3,0,1,0,0,2,,,,,,,
Eric Whitfield,BB,7/30/2022,DH,9,1,2,1,1,0,0,0,,,,,,,
JD Stubbs,BB,7/30/2022,DH,3,1,2,0,1,1,0,0,1,,,,,,
Wellington Guzman,BB,7/30/2022,DH,6,1,2,0,0,0,0,0,,,,,,,
Erick Ramirez,BB,7/30/2022,DH,5,1,2,0,0,0,0,2,,,,,,,
Travious Ford,BB,7/30/2022,DH,7,1,1,1,0,0,1,0,,,,1,,,
Christian Perez,DH,7/30/2022,BB,6,2,3,1,0,0,1,0,,,,,,,
Blake Porter,DH,7/30/2022,BB,8,2,4,1,1,0,0,2,,,,,,,
Yadi Rivera,DH,7/30/2022,BB,5,2,2,0,1,2,0,0,,,,,,1,
Joe Burke,DH,7/30/2022,BB,0,2,3,0,0,0,0,1,,,,,,,
Nicholas Kreutzer,DH,7/30/2022,BB,3,2,1,0,0,0,2,0,,,,,,,
Bryant Shellenbarger,DH,7/30/2022,BB,9,2,3,0,0,1,0,1,,,,,,,
Noah Marcoux,DH,7/30/2022,BB,7,2,2,0,0,0,1,1,,,,,,,
Christian Fedko,DH,7/30/2022,BB,4,2,2,0,1,0,1,0,,,,,,,
Kevin Koziol,DH,7/30/2022,BB,2,2,1,1,0,0,1,0,,,,,,,
Alex Pup,DH,7/30/2022,BB,H,2,1,0,0,0,0,0,,,,,,,
Marcos Castillo,BB,7/30/2022,DH,8,2,3,1,2,1,0,0,,,1,,,,
Luke Fennelly,BB,7/30/2022,DH,4,2,2,1,0,0,0,2,,,,,,1,
Felix Aberouette,BB,7/30/2022,DH,2,2,3,1,2,0,0,1,,,,,,,
Dakota McFadden,BB,7/30/2022,DH,3,2,3,1,1,3,0,1,,,1,,,,
Eric Whitfield,BB,7/30/2022,DH,9,2,3,0,1,0,0,1,,,,,,,
Ryan Sullivan,BB,7/30/2022,DH,7,2,3,0,2,0,0,1,,,,,,,
JD Stubbs,BB,7/30/2022,DH,0,2,2,0,0,0,1,1,,,,,,,
Cameron Collett,BB,7/30/2022,DH,5,2,2,0,0,0,0,0,,,,,,,
Wellington Guzman,BB,7/30/2022,DH,6,2,2,0,0,0,0,1,,,,,,,
Drue Galassi,UU,7/31/2022,WM,8,1,3,2,2,2,3,0,1,,,,,,
Luis Atiles,UU,7/31/2022,WM,6,1,3,2,1,0,3,0,,,,,,,
Ari Sechopoulos,UU,7/31/2022,WM,3,1,6,3,2,5,0,0,2,,,,,,
Noah Childress,UU,7/31/2022,WM,0,1,3,1,2,3,0,1,,,,,,,1
Kevin Lambert,UU,7/31/2022,WM,H,1,1,0,0,0,0,1,,,,,,,
Leandy Castro,UU,7/31/2022,WM,9,1,3,2,1,0,2,0,1,,,,,,
Malek Bolin,UU,7/31/2022,WM,7,1,4,3,2,0,1,1,,,,,,,
Adam De La Cruz,UU,7/31/2022,WM,5,1,4,2,2,3,1,1,,,1,,,,
Matt Parkinson,UU,7/31/2022,WM,2,1,3,1,0,1,2,0,,,,,,,
Jonathan Hodo,UU,7/31/2022,WM,4,1,4,3,2,2,0,1,1,,,1,,1,
Connor Bagnieski,WM,7/31/2022,UU,7,1,4,0,1,1,0,0,1,,,,1,,
Mitch Moralez,WM,7/31/2022,UU,4,1,3,0,0,0,1,1,,,,,,,
Tanner Thomas,WM,7/31/2022,UU,8,1,3,0,0,0,1,1,,,,,,,
Houston Parker,WM,7/31/2022,UU,5,1,1,0,0,0,1,0,,,,,,1,
Elijah Brown,WM,7/31/2022,UU,3,1,3,0,1,0,0,1,,,,,,,
Bryan Leef,WM,7/31/2022,UU,9,1,3,0,0,0,0,1,,,,,,,
Greg Vaughn Jr.,WM,7/31/2022,UU,0,1,2,1,0,0,1,1,,,,,,,
Duncan Hewitt,WM,7/31/2022,UU,2,1,2,1,1,0,1,0,,,,,,,
Buddy Dewaine Jr.,WM,7/31/2022,UU,6,1,3,0,1,0,0,2,,,,,,,
Drue Galassi,UU,8/2/2022,DH,8,1,5,1,1,1,0,1,,,1,,,,
Luis Atiles,UU,8/2/2022,DH,6,1,2,0,0,0,1,2,,,,,,1,
Ari Sechopoulos,UU,8/2/2022,DH,3,1,2,0,1,0,2,1,,,,,,,
Leandy Castro,UU,8/2/2022,DH,9,1,4,0,0,0,0,2,,,,,,,
Malek Bolin,UU,8/2/2022,DH,7,1,4,0,1,0,0,2,,,,,,,
Kevin Lambert,UU,8/2/2022,DH,5,1,3,1,1,0,1,1,,,,,,,
Adam De La Cruz,UU,8/2/2022,DH,0,1,2,0,1,0,2,0,,,,,,,
Matt Parkinson,UU,8/2/2022,DH,2,1,2,0,0,0,0,0,,,,,,,
Jake Martin,UU,8/2/2022,DH,2,1,2,0,0,0,0,0,,,,,,,
Jonathan Hodo,UU,8/2/2022,DH,4,1,4,0,2,1,0,1,,,,,,,
Alex Pup,DH,8/2/2022,UU,6,1,4,1,1,1,1,0,,,,,,,
Blake Porter,DH,8/2/2022,UU,8,1,3,2,1,2,1,0,,,1,,,,1
Yadi Rivera,DH,8/2/2022,UU,5,1,3,1,1,2,1,1,1,,,,,,
Christian Fedko,DH,8/2/2022,UU,5,1,1,0,0,0,0,0,,,,,,,
Joe Burke,DH,8/2/2022,UU,3,1,3,1,0,0,1,0,,,,,,,
Nicholas Kreutzer,DH,8/2/2022,UU,0,1,2,0,0,1,1,0,,,,,,,1
Noah Marcoux,DH,8/2/2022,UU,7,1,4,1,2,3,0,1,,,1,,,,
Christian Perez,DH,8/2/2022,UU,4,1,3,1,0,0,0,1,,,,,,1,
Sean Lawlar,DH,8/2/2022,UU,9,1,2,3,1,2,2,0,,,1,,,,
Scott Combs,DH,8/2/2022,UU,2,1,4,1,2,0,0,0,,,,,,,
Marcos Castillo,BB,8/3/2022,WM,8,1,5,2,2,0,0,1,,,,,,,
Luke Fennelly,BB,8/3/2022,WM,4,1,5,1,4,3,0,0,1,,,,,,
Dakota McFadden,BB,8/3/2022,WM,0,1,2,1,1,3,0,0,,,1,,,,
Felix Aberouette,BB,8/3/2022,WM,0,1,2,0,0,0,1,1,,,,,,,
JD Stubbs,BB,8/3/2022,WM,3,1,5,0,0,0,0,2,,,,,,,
Ryan Sullivan,BB,8/3/2022,WM,9,1,4,1,0,0,0,1,,,,,,1,
Wellington Guzman,BB,8/3/2022,WM,6,1,5,2,1,0,0,2,,,,,,,
Travious Ford,BB,8/3/2022,WM,7,1,4,2,2,1,0,0,1,,,,,,
Cameron Collett,BB,8/3/2022,WM,5,1,4,0,2,3,0,0,1,,,,,,
Erick Ramirez,BB,8/3/2022,WM,2,1,4,1,0,0,0,2,,,,1,,,
Elijah Brown,WM,8/3/2022,BB,8,1,4,1,0,0,1,3,,,,,,,
Bryan Leef,WM,8/3/2022,BB,0,1,5,1,2,2,0,1,,,,,,,
Connor Emmet,WM,8/3/2022,BB,3,1,4,1,1,0,1,1,,,,,,,
Houston Parker,WM,8/3/2022,BB,5,1,3,0,0,0,2,2,,,,1,,,
Tanner Thomas,WM,8/3/2022,BB,9,1,5,0,1,2,0,2,,,,,,,
Duncan Hewitt,WM,8/3/2022,BB,2,1,3,0,1,1,0,1,,,,,,,1
Wade Weinburger Jr.,WM,8/3/2022,BB,7,1,4,1,1,0,0,2,,,,,,,
Buddy Dewaine Jr.,WM,8/3/2022,BB,6,1,4,1,3,1,0,1,,,1,1,,,
Connor Bagnieski,WM,8/3/2022,BB,4,1,4,1,1,0,0,1,,,,,,,
Alex Pup,DH,8/4/2022,UU,6,1,4,1,3,0,1,0,1,1,,,,,
Blake Porter,DH,8/4/2022,UU,8,1,4,1,2,1,1,0,,1,,1,,,
Yadi Rivera,DH,8/4/2022,UU,5,1,4,1,1,1,1,0,1,,,,,,
Joe Burke,DH,8/4/2022,UU,3,1,5,1,2,1,0,0,,,1,,,,
Nicholas Kreutzer,DH,8/4/2022,UU,0,1,2,1,0,1,2,1,,,,,,,1
Noah Marcoux,DH,8/4/2022,UU,7,1,3,0,1,0,1,1,,,,,,1,
Bryant Shellenbarger,DH,8/4/2022,UU,9,1,4,0,0,0,0,0,,,,,,,
Whit Hughes,DH,8/4/2022,UU,2,1,4,0,0,0,0,3,,,,,,,
Christian Fedko,DH,8/4/2022,UU,4,1,4,1,2,2,0,0,1,,1,,,,
Drue Galassi,UU,8/4/2022,DH,8,1,4,3,2,1,0,1,,,,1,,,
Luis Atiles,UU,8/4/2022,DH,6,1,4,1,1,1,0,1,1,,,,,,
Ari Sechopoulos,UU,8/4/2022,DH,3,1,3,2,1,1,1,1,1,,,,,,
Noah Childress,UU,8/4/2022,DH,0,1,2,1,1,1,2,0,,,,,,,
Leandy Castro,UU,8/4/2022,DH,9,1,4,0,1,0,0,1,,,,,,,
Malek Bolin,UU,8/4/2022,DH,7,1,3,0,1,2,1,0,,,,1,,,
Kevin Lambert,UU,8/4/2022,DH,5,1,4,1,2,0,0,0,,,,1,,,
Matt Parkinson,UU,8/4/2022,DH,2,1,4,0,0,0,0,1,,,,,,,
Jonathan Hodo,UU,8/4/2022,DH,4,1,4,1,1,0,0,1,,,,1,,,
Marcos Castillo,BB,8/5/2022,DH,8,1,4,1,2,1,0,0,,,,,,,
Luke Fennelly,BB,8/5/2022,DH,4,1,3,0,0,0,0,2,,,,,,1,
Dakota McFadden,BB,8/5/2022,DH,0,1,4,0,0,1,0,1,,,,,,,
Felix Aberouette,BB,8/5/2022,DH,2,1,3,0,2,0,1,0,,,,,,,
Eric Whitfield,BB,8/5/2022,DH,9,1,4,0,0,0,0,0,,,,,,,
Wellington Guzman,BB,8/5/2022,DH,6,1,4,0,0,0,0,2,,,,,,,
JD Stubbs,BB,8/5/2022,DH,3,1,4,0,0,0,0,2,,,,,,,
Cameron Collett,BB,8/5/2022,DH,5,1,3,0,1,0,0,1,,,,,,,
Travious Ford,BB,8/5/2022,DH,7,1,2,1,1,0,1,1,,,,,1,,
Alex Pup,DH,8/5/2022,BB,6,1,4,0,1,0,0,1,,,,,,,
Christian Perez,DH,8/5/2022,BB,4,1,4,0,0,0,0,0,,,,,,,
Blake Porter,DH,8/5/2022,BB,8,1,3,1,0,0,1,1,,,,,,,
Joe Burke,DH,8/5/2022,BB,0,1,3,1,0,0,1,2,,,,,,,
Noah Marcoux,DH,8/5/2022,BB,3,1,4,1,2,0,0,1,,,,,,,
Bryant Shellenbarger,DH,8/5/2022,BB,9,1,3,1,1,2,0,0,,,,,,,
Scott Combs,DH,8/5/2022,BB,2,1,3,0,1,0,0,2,,,,,,,
Sean Lawlar,DH,8/5/2022,BB,7,1,3,0,1,2,0,2,,,,,,,
Christian Fedko,DH,8/5/2022,BB,5,1,3,0,0,0,0,2,,,,,,,
Jonathan Hodo,UU,8/6/2022,WM,4,1,4,0,0,0,0,1,,,,,,,
Luis Atiles,UU,8/6/2022,WM,6,1,4,3,3,0,0,0,1,,,,,,
Drue Galassi,UU,8/6/2022,WM,8,1,3,2,2,3,1,1,,,1,,,,
Ari Sechopoulos,UU,8/6/2022,WM,3,1,2,2,2,3,1,0,,,1,,,,
Noah Childress,UU,8/6/2022,WM,0,1,3,0,2,0,0,0,,,,,,,
Jake Martin,UU,8/6/2022,WM,R,1,0,0,0,0,0,0,,,,,,,
Kevin Lambert,UU,8/6/2022,WM,5,1,3,0,0,0,0,1,,,,,,,
Leandy Castro,UU,8/6/2022,WM,9,1,3,0,1,0,0,0,,,,,,,
Adam De La Cruz,UU,8/6/2022,WM,7,1,2,0,0,0,1,0,,,,,,,
Matt Parkinson,UU,8/6/2022,WM,2,1,3,0,0,0,0,3,,,,,,,
Tanner Thomas,WM,8/6/2022,UU,8,1,4,0,1,1,0,0,,,,,,,
Mitch Moralez,WM,8/6/2022,UU,4,1,4,1,2,0,0,0,,,,1,,,
Connor Emmet,WM,8/6/2022,UU,9,1,2,2,1,1,1,0,1,,,,1,1,
Houston Parker,WM,8/6/2022,UU,5,1,2,1,1,2,1,0,,,1,,,,
Bryan Leef,WM,8/6/2022,UU,7,1,3,0,1,0,0,0,,,,,,,
Duncan Hewitt,WM,8/6/2022,UU,2,1,3,0,0,0,0,1,,,,,,,
Connor Bagnieski,WM,8/6/2022,UU,5,1,0,0,0,0,0,0,,,,,,,
Greg Vaughn Jr.,WM,8/6/2022,UU,0,1,2,0,1,0,0,1,1,,,,,,
Wade Weinburger Jr.,WM,8/6/2022,UU,0,1,0,1,0,0,0,0,,,,,,1,
Elijah Brown,WM,8/6/2022,UU,3,1,3,1,2,0,0,1,,,,2,,,
Buddy Dewaine Jr.,WM,8/6/2022,UU,6,1,2,0,0,0,1,1,,,,,,,
Alex Pup,DH,8/7/2022,BB,6,1,5,1,1,1,0,0,,,,,,,
Blake Porter,DH,8/7/2022,BB,8,1,3,2,0,0,2,1,,,,2,,,
Yadi Rivera,DH,8/7/2022,BB,5,1,3,0,0,1,0,0,,,,,,,1
Joe Burke,DH,8/7/2022,BB,3,1,3,0,0,0,0,0,,,,,,1,
Noah Marcoux,DH,8/7/2022,BB,7,1,3,1,2,1,1,0,,,,,,,
Nicholas Kreutzer,DH,8/7/2022,BB,0,1,4,0,1,0,0,1,,,,,,,
Scott Combs,DH,8/7/2022,BB,2,1,4,1,1,0,0,0,1,,,,,,
Bryant Shellenbarger,DH,8/7/2022,BB,9,1,4,1,2,0,0,1,1,,,,,,
Christian Perez,DH,8/7/2022,BB,4,1,3,1,1,1,0,1,,,,1,,,
Christian Fedko,DH,8/7/2022,BB,4,1,1,0,0,0,0,0,,,,,,,
Marcos Castillo,BB,8/7/2022,DH,8,1,5,1,2,1,0,1,,,1,,,,
Travious Ford,BB,8/7/2022,DH,7,1,5,1,2,0,0,1,,,,1,,,
Dakota McFadden,BB,8/7/2022,DH,0,1,5,1,3,1,0,0,,,1,,,,
Felix Aberouette,BB,8/7/2022,DH,2,1,4,0,0,0,1,2,,,,,,,
Eric Whitfield,BB,8/7/2022,DH,9,1,4,1,2,1,0,1,1,,,,,,
Ryan Sullivan,BB,8/7/2022,DH,3,1,4,0,1,1,0,1,,,,,,,
Cameron Collett,BB,8/7/2022,DH,6,1,4,0,1,0,0,2,,,,,,,
Erick Ramirez,BB,8/7/2022,DH,5,1,4,0,0,0,0,2,,,,,,,
Luke Fennelly,BB,8/7/2022,DH,4,1,0,0,0,0,0,0,,,,,,,
Wellington Guzman,BB,8/7/2022,DH,6,1,4,1,2,1,0,1,,,1,,,,
Tanner Thomas,WM,8/9/2022,BB,8,1,3,0,1,1,1,1,,,,1,1,,
Elijah Brown,WM,8/9/2022,BB,3,1,4,1,2,0,0,2,1,,,3,,,
Greg Vaughn Jr.,WM,8/9/2022,BB,0,1,3,0,0,0,1,2,,,,,,,
Houston Parker,WM,8/9/2022,BB,2,1,3,0,1,0,0,2,,,,,,1,
Bryan Leef,WM,8/9/2022,BB,7,1,4,1,1,1,0,1,,,1,,,,
Connor Bagnieski,WM,8/9/2022,BB,6,1,1,0,0,0,3,1,,,,3,1,,
Buddy Dewaine Jr.,WM,8/9/2022,BB,5,1,4,0,0,0,0,2,,,,,,,
Wade Weinburger Jr.,WM,8/9/2022,BB,9,1,2,1,0,0,1,1,,,,,,,
Mitch Moralez,WM,8/9/2022,BB,4,1,3,1,1,0,0,1,,,,,,,
Travious Ford,BB,8/9/2022,WM,9,1,3,0,0,0,2,1,,,,,,,
Marcos Castillo,BB,8/9/2022,WM,8,1,5,1,1,2,0,1,,,,,,,
Dakota McFadden,BB,8/9/2022,WM,3,1,3,0,2,2,2,0,,,,,1,,
Felix Aberouette,BB,8/9/2022,WM,0,1,2,0,2,0,2,0,,,,,,,
Ryan Sullivan,BB,8/9/2022,WM,5,1,3,0,0,0,1,1,,,,,,,
Cameron Collett,BB,8/9/2022,WM,4,1,3,1,1,0,1,1,,,,,,,
Wellington Guzman,BB,8/9/2022,WM,6,1,3,1,1,0,1,1,,,,,,,
Erick Ramirez,BB,8/9/2022,WM,2,1,4,1,1,1,0,1,,,,,,,
Chris Davis,BB,8/9/2022,WM,7,1,2,1,0,0,2,1,,,,,,,
Leandy Castro,UU,8/10/2022,DH,9,1,6,1,1,0,0,3,,,,,,,
Drue Galassi,UU,8/10/2022,DH,8,1,4,2,2,5,1,0,,,2,1,,,
Ari Sechopoulos,UU,8/10/2022,DH,3,1,1,1,0,0,4,0,,,,,,,
Noah Childress,UU,8/10/2022,DH,0,1,3,0,0,0,1,0,,,,,,,
Alexander Brunson,UU,8/10/2022,DH,0,1,1,1,1,0,0,0,,,,,,,
Kevin Lambert,UU,8/10/2022,DH,5,1,4,1,1,1,1,1,,,,,,,
Malek Bolin,UU,8/10/2022,DH,7,1,3,0,0,0,1,1,,,,,,,
Adam De La Cruz,UU,8/10/2022,DH,7,1,1,1,0,0,0,0,,,,,,,
Luis Atiles,UU,8/10/2022,DH,6,1,4,2,1,1,1,1,1,,,,,,
Matt Parkinson,UU,8/10/2022,DH,2,1,5,1,2,3,0,2,,,,,,,
Jonathan Hodo,UU,8/10/2022,DH,4,1,5,1,1,0,0,0,,,,,,,
Alex Pup,DH,8/10/2022,UU,6,1,3,0,0,0,1,0,,,,,,,
Blake Porter,DH,8/10/2022,UU,8,1,4,0,0,0,0,3,,,,,,,
Yadi Rivera,DH,8/10/2022,UU,5,1,4,0,1,0,0,1,,,,,,,
Joe Burke,DH,8/10/2022,UU,3,1,4,0,1,0,0,2,,,,,,,
Noah Marcoux,DH,8/10/2022,UU,0,1,3,0,0,0,1,1,,,,,,,
Scott Combs,DH,8/10/2022,UU,2,1,2,0,0,0,1,0,,,,,,,
Bryant Shellenbarger,DH,8/10/2022,UU,9,1,3,0,0,0,0,1,,,,,,,
Sean Lawlar,DH,8/10/2022,UU,7,1,3,0,1,0,0,1,,,,,,,
Christian Fedko,DH,8/10/2022,UU,4,1,3,0,0,0,0,1,,,,,,,
Tanner Thomas,WM,8/11/2022,BB,8,1,6,0,2,1,0,2,,,,,,,
Elijah Brown,WM,8/11/2022,BB,3,1,4,3,2,0,1,2,,,,3,,,
Connor Emmet,WM,8/11/2022,BB,9,1,4,1,1,1,1,2,,,,,,,
Houston Parker,WM,8/11/2022,BB,5,1,4,1,2,1,0,1,,,,,,1,
Bryan Leef,WM,8/11/2022,BB,0,1,5,0,2,0,0,3,,,,,,,
Sam Loda,WM,8/11/2022,BB,2,1,3,1,2,2,2,0,1,,,,,,
Connor Bagnieski,WM,8/11/2022,BB,6,1,4,0,0,0,1,2,,,,,,,
Buddy Dewaine Jr.,WM,8/11/2022,BB,7,1,5,0,0,0,0,2,,,,1,,,
Mitch Moralez,WM,8/11/2022,BB,4,1,3,0,1,0,1,1,1,,,1,,1,
Marcos Castillo,BB,8/11/2022,WM,8,1,2,0,0,0,1,0,,,,,,1,
JD Stubbs,BB,8/11/2022,WM,3,1,3,0,2,1,0,0,1,,,,,,1
Dakota McFadden,BB,8/11/2022,WM,0,1,2,1,0,0,2,1,,,,,,,
Felix Aberouette,BB,8/11/2022,WM,2,1,4,0,1,1,0,1,1,,,,,,
Eric Whitfield,BB,8/11/2022,WM,9,1,4,0,1,0,0,1,,,,,,,
Cameron Collett,BB,8/11/2022,WM,6,1,4,0,1,0,0,2,,,,,,,
Ryan Sullivan,BB,8/11/2022,WM,5,1,4,0,0,0,0,3,,,,,,,
Erick Ramirez,BB,8/11/2022,WM,4,1,4,1,1,0,0,1,,,,,,,
Chris Davis,BB,8/11/2022,WM,7,1,3,0,1,0,0,1,,,,,,,
Mitch Moralez,WM,8/12/2022,UU,4,1,5,0,0,0,0,2,,,,,,,
Elijah Brown,WM,8/12/2022,UU,3,1,3,1,1,0,1,0,,,,1,,,
Connor Emmet,WM,8/12/2022,UU,9,1,3,1,1,0,1,1,,,,,1,,
Houston Parker,WM,8/12/2022,UU,5,1,3,0,1,0,1,0,,,,,,,
Bryan Leef,WM,8/12/2022,UU,8,1,4,0,2,1,0,1,,,,,,,
Greg Vaughn Jr.,WM,8/12/2022,UU,7,1,3,0,1,0,1,0,,,,,,,
Buddy Dewaine Jr.,WM,8/12/2022,UU,7,1,0,0,0,0,0,0,,,,,,,
Sam Loda,WM,8/12/2022,UU,2,1,3,0,2,1,1,1,,,,,,,
Wade Weinburger Jr.,WM,8/12/2022,UU,0,1,3,0,1,0,0,1,,,,,,,
Tanner Thomas,WM,8/12/2022,UU,0,1,1,0,0,0,0,1,,,,,,,
Connor Bagnieski,WM,8/12/2022,UU,6,1,3,1,0,0,1,1,,,,2,,,
Leandy Castro,UU,8/12/2022,WM,9,1,4,0,0,0,0,2,,,,,,,
Malek Bolin,UU,8/12/2022,WM,7,1,1,0,0,0,0,0,,,,,,,
Luis Atiles,UU,8/12/2022,WM,6,1,3,1,2,1,0,0,1,,,1,,1,
Drue Galassi,UU,8/12/2022,WM,8,1,3,0,0,0,1,1,,,,,,,
Ari Sechopoulos,UU,8/12/2022,WM,3,1,2,0,0,0,2,2,,,,,,,
Noah Childress,UU,8/12/2022,WM,0,1,2,0,1,1,2,0,,,,,,,
Kevin Lambert,UU,8/12/2022,WM,5,1,3,0,0,0,0,1,,,,,,1,
Alexander Brunson,UU,8/12/2022,WM,7,1,3,0,1,0,1,0,,,,,,,
Adam De La Cruz,UU,8/12/2022,WM,7,1,0,0,0,0,0,0,,,,,1,,
Matt Parkinson,UU,8/12/2022,WM,2,1,3,0,1,0,1,0,,,,,,,
Jonathan Hodo,UU,8/12/2022,WM,4,1,4,1,0,0,0,0,,,,1,,,
Marcos Castillo,BB,8/13/2022,DH,9,1,3,0,0,0,0,2,,,,,,,
Travious Ford,BB,8/13/2022,DH,8,1,3,0,0,0,0,3,,,,,,,
Dakota McFadden,BB,8/13/2022,DH,5,1,2,0,1,0,0,0,,,,,,,
Felix Aberouette,BB,8/13/2022,DH,2,1,2,0,0,0,0,0,,,,,,,
Eric Whitfield,BB,8/13/2022,DH,7,1,2,0,1,0,0,1,,,,,,,
JD Stubbs,BB,8/13/2022,DH,3,1,2,0,0,0,0,1,,,,,,,
Cameron Collett,BB,8/13/2022,DH,4,1,2,0,0,0,0,1,,,,,,,
Erick Ramirez,BB,8/13/2022,DH,6,1,2,0,0,0,0,0,,,,,,,
Chris Davis,BB,8/13/2022,DH,0,1,2,0,0,0,0,1,,,,,,,
Alex Pup,DH,8/13/2022,BB,6,1,4,1,1,0,0,0,,,,,,,
Blake Porter,DH,8/13/2022,BB,8,1,2,2,1,2,0,0,,,,,,,
Yadi Rivera,DH,8/13/2022,BB,5,1,3,1,1,0,0,1,,,,,,,
Noah Marcoux,DH,8/13/2022,BB,7,1,3,0,2,2,0,0,,,,,,,
Joe Burke,DH,8/13/2022,BB,3,1,2,0,0,0,1,1,,,,,,,
Nicholas Kreutzer,DH,8/13/2022,BB,0,1,2,0,0,0,1,1,,,,,,,
Bryant Shellenbarger,DH,8/13/2022,BB,9,1,3,0,1,0,0,1,,,,,,,
Whit Hughes,DH,8/13/2022,BB,2,1,3,0,0,0,0,2,,,,,,,
Christian Perez,DH,8/13/2022,BB,4,1,2,1,2,0,1,0,,,,,,,
Travious Ford,BB,8/13/2022,DH,8,2,3,0,2,0,0,1,1,,,,,,
Marcos Castillo,BB,8/13/2022,DH,9,2,3,0,0,0,0,2,,,,1,,,
Dakota McFadden,BB,8/13/2022,DH,4,2,2,0,0,0,1,1,,,,,,,
Felix Aberouette,BB,8/13/2022,DH,0,2,2,0,0,0,1,1,,,,,,,
JD Stubbs,BB,8/13/2022,DH,3,2,2,0,0,0,0,1,,,,,,,
Eric Whitfield,BB,8/13/2022,DH,7,2,2,0,0,0,0,0,,,,,,,
Ryan Sullivan,BB,8/13/2022,DH,5,2,2,0,0,0,0,1,,,,,,,
Erick Ramirez,BB,8/13/2022,DH,2,2,2,0,0,0,0,1,,,,,1,,
Cameron Collett,BB,8/13/2022,DH,6,2,2,0,0,0,0,2,,,,,,,
Alex Pup,DH,8/13/2022,BB,6,2,3,1,1,0,0,1,,,,,,,
Blake Porter,DH,8/13/2022,BB,8,2,3,1,0,0,0,2,,,,1,,,
Yadi Rivera,DH,8/13/2022,BB,5,2,3,1,1,1,0,0,1,,,,,,
Noah Marcoux,DH,8/13/2022,BB,0,2,1,1,0,2,1,0,,,,,,,1
Nicholas Kreutzer,DH,8/13/2022,BB,3,2,2,1,1,0,1,1,,,,,,,
Scott Combs,DH,8/13/2022,BB,2,2,1,0,0,0,0,1,,,,,,1,
Bryant Shellenbarger,DH,8/13/2022,BB,9,2,2,0,0,0,0,0,,,,,,,
Sean Lawlar,DH,8/13/2022,BB,7,2,2,1,1,1,0,0,,,,,,,
Christian Fedko,DH,8/13/2022,BB,4,2,2,0,0,1,0,0,,,,1,,,
Jonathan Hodo,UU,8/14/2022,WM,4,1,4,2,2,1,1,2,,,,,,,
Luis Atiles,UU,8/14/2022,WM,6,1,3,2,0,0,0,0,,,,,,2,
Drue Galassi,UU,8/14/2022,WM,8,1,5,0,1,0,0,2,,,,,,,
Noah Childress,UU,8/14/2022,WM,0,1,4,0,1,2,0,0,1,,,,,,1
Ari Sechopoulos,UU,8/14/2022,WM,3,1,3,1,2,3,1,1,,,1,,,,
Malek Bolin,UU,8/14/2022,WM,7,1,4,0,1,0,0,1,,,,,,,
Alexander Brunson,UU,8/14/2022,WM,9,1,4,0,1,0,0,1,1,,,,,,
Adam De La Cruz,UU,8/14/2022,WM,5,1,3,1,1,0,1,0,,,,,,,
Matt Parkinson,UU,8/14/2022,WM,2,1,3,1,1,0,1,0,,,,,,,
Tanner Thomas,WM,8/14/2022,UU,8,1,5,0,0,0,0,3,,,,,,,
Elijah Brown,WM,8/14/2022,UU,3,1,5,1,4,0,0,0,,,,1,,,
Connor Emmet,WM,8/14/2022,UU,9,1,4,0,0,0,0,0,,,,,,1,
Houston Parker,WM,8/14/2022,UU,5,1,4,0,1,1,0,0,,,,,,,
Bryan Leef,WM,8/14/2022,UU,0,1,4,2,1,0,1,2,,,,1,,,
Greg Vaughn Jr.,WM,8/14/2022,UU,7,1,4,0,0,0,0,1,,,,,,,
Sam Loda,WM,8/14/2022,UU,2,1,4,2,3,2,0,1,,,1,,,,
Buddy Dewaine Jr.,WM,8/14/2022,UU,6,1,4,1,2,3,0,0,1,,1,1,,,
Mitch Moralez,WM,8/14/2022,UU,4,1,4,0,2,0,0,1,1,,,,,,
Marcos Castillo,BB,8/16/2022,WM,8,1,4,0,0,0,0,1,,,,,,,
Travious Ford,BB,8/16/2022,WM,9,1,3,1,0,0,1,2,,,,,,,
Dakota McFadden,BB,8/16/2022,WM,3,1,4,2,4,2,0,0,1,,1,,,,
Felix Aberouette,BB,8/16/2022,WM,2,1,4,0,0,0,0,0,,,,,,,
Eric Whitfield,BB,8/16/2022,WM,0,1,4,0,1,0,0,1,,,,,,,
Luke Fennelly,BB,8/16/2022,WM,4,1,4,0,2,1,0,1,,,,,,,
Chris Davis,BB,8/16/2022,WM,7,1,4,0,1,0,0,0,,,,,,,
Wellington Guzman,BB,8/16/2022,WM,6,1,4,0,0,0,0,3,,,,,,,
Cameron Collett,BB,8/16/2022,WM,5,1,4,0,1,0,0,0,,,,,,,
Connor Bagnieski,WM,8/16/2022,BB,6,1,4,0,0,0,0,1,,,,,,,
Elijah Brown,WM,8/16/2022,BB,3,1,2,0,0,0,1,0,,,,,,1,
Connor Emmet,WM,8/16/2022,BB,9,1,4,0,0,0,0,0,,,,,,,
Houston Parker,WM,8/16/2022,BB,5,1,4,0,0,0,0,2,,,,,,,
Greg Vaughn Jr.,WM,8/16/2022,BB,7,1,3,0,0,0,0,0,,,,,,,
Sam Loda,WM,8/16/2022,BB,2,1,3,0,1,0,0,2,,,,,,,
Buddy Dewaine Jr.,WM,8/16/2022,BB,8,1,3,0,1,0,0,0,,,,,,,
Mitch Moralez,WM,8/16/2022,BB,4,1,3,0,0,0,0,0,,,,,,,
Wade Weinburger Jr.,WM,8/16/2022,BB,0,1,2,0,0,0,0,0,,,,,,,
Bryan Leef,WM,8/16/2022,BB,0,1,1,0,1,0,0,0,,,,1,,,
Jonathan Hodo,UU,8/17/2022,DH,4,1,4,2,1,0,0,1,,,,,,1,
Luis Atiles,UU,8/17/2022,DH,6,1,5,1,1,0,0,2,,,,,1,,
Drue Galassi,UU,8/17/2022,DH,8,1,5,1,1,0,0,2,,,,,,,
Ari Sechopoulos,UU,8/17/2022,DH,3,1,3,0,0,1,0,3,,,,,,,1
Noah Childress,UU,8/17/2022,DH,0,1,2,0,1,0,2,0,,,,,,,
Leandy Castro,UU,8/17/2022,DH,R,1,0,1,0,0,0,0,,,,,,,
Adam De La Cruz,UU,8/17/2022,DH,5,1,3,0,1,2,0,0,,,,,,1,
Malek Bolin,UU,8/17/2022,DH,7,1,4,0,2,1,0,0,,,,,,,
Alexander Brunson,UU,8/17/2022,DH,9,1,3,0,0,0,0,3,,,,,,1,
Matt Parkinson,UU,8/17/2022,DH,2,1,3,0,0,0,0,1,,,,,,1,
Alex Pup,DH,8/17/2022,UU,6,1,4,1,1,1,1,1,,,,,,,
Blake Porter,DH,8/17/2022,UU,8,1,5,0,1,0,0,1,,,,,,,
Yadi Rivera,DH,8/17/2022,UU,5,1,5,0,2,0,0,0,,,,,,,
Noah Marcoux,DH,8/17/2022,UU,7,1,4,1,2,1,1,1,,,1,,,,
Joe Burke,DH,8/17/2022,UU,3,1,2,2,1,1,2,0,1,,,,,,1
Nicholas Kreutzer,DH,8/17/2022,UU,0,1,4,1,1,1,1,1,,,,,,,
Scott Combs,DH,8/17/2022,UU,2,1,4,1,2,0,0,0,,,,,,,
Bryant Shellenbarger,DH,8/17/2022,UU,H,1,0,0,0,0,0,0,,,,,,1,
Sean Lawlar,DH,8/17/2022,UU,9,1,5,0,2,2,0,2,,,,,,,
Christian Perez,DH,8/17/2022,UU,4,1,4,0,0,0,0,1,,,,,,,
Connor Emmet,WM,8/18/2022,UU,3,1,5,1,1,0,0,2,,,,,,1,
Houston Parker,WM,8/18/2022,UU,4,1,4,2,2,0,1,0,,1,,,,,
Bryan Leef,WM,8/18/2022,UU,7,1,5,2,2,1,0,3,1,,,,,,
Elijah Brown,WM,8/18/2022,UU,0,1,4,3,2,1,1,0,,,,1,,,
Greg Vaughn Jr.,WM,8/18/2022,UU,9,1,1,0,0,1,1,0,,,,,,,
Mitch Moralez,WM,8/18/2022,UU,7,1,2,2,0,0,0,0,,,,1,,1,
Sam Loda,WM,8/18/2022,UU,2,1,3,1,1,2,1,1,,,,,,,1
Buddy Dewaine Jr.,WM,8/18/2022,UU,5,1,3,1,1,1,2,2,,,,1,,,
Connor Bagnieski,WM,8/18/2022,UU,6,1,4,0,1,3,1,2,,,,1,,,
Tanner Thomas,WM,8/18/2022,UU,8,1,5,0,0,0,0,2,,,,,,,
Jonathan Hodo,UU,8/18/2022,WM,4,1,4,2,1,0,1,1,,,,,,,
Luis Atiles,UU,8/18/2022,WM,6,1,4,1,1,0,0,1,,,,,,1,
Drue Galassi,UU,8/18/2022,WM,8,1,5,2,3,1,0,1,,,,,,,
Ari Sechopoulos,UU,8/18/2022,WM,3,1,3,1,1,1,1,2,,,,,,,1
Noah Childress,UU,8/18/2022,WM,0,1,4,2,1,1,1,1,,,1,,,,
Malek Bolin,UU,8/18/2022,WM,7,1,4,2,3,5,1,0,1,,1,,,,
Kevin Lambert,UU,8/18/2022,WM,5,1,5,0,2,0,0,1,,,,,,,
Leandy Castro,UU,8/18/2022,WM,9,1,5,0,1,1,0,1,,,,,,,
Matt Parkinson,UU,8/18/2022,WM,2,1,3,0,1,0,0,0,,,,,,1,
Alex Pup,DH,8/19/2022,UU,6,1,2,1,0,0,2,0,,,,,1,,
Blake Porter,DH,8/19/2022,UU,8,1,4,0,0,0,0,2,,,,,,,
Yadi Rivera,DH,8/19/2022,UU,5,1,4,0,1,0,0,0,,,,1,,,
Noah Marcoux,DH,8/19/2022,UU,0,1,2,0,0,1,1,1,,,,,,,1
Joe Burke,DH,8/19/2022,UU,3,1,4,0,0,0,0,0,,,,,,,
Bryant Shellenbarger,DH,8/19/2022,UU,9,1,3,0,1,0,0,0,,,,1,,,
Scott Combs,DH,8/19/2022,UU,2,1,3,0,1,0,0,1,1,,,,,,
Sean Lawlar,DH,8/19/2022,UU,7,1,3,0,0,0,0,1,,,,,,,
Christian Fedko,DH,8/19/2022,UU,4,1,3,0,0,0,0,0,,,,,,,
Jonathan Hodo,UU,8/19/2022,DH,4,1,4,0,0,0,0,2,,,,,,,
Luis Atiles,UU,8/19/2022,DH,6,1,3,1,0,0,1,0,,,,,,,
Drue Galassi,UU,8/19/2022,DH,8,1,2,2,1,0,2,1,,,,1,,,
Ari Sechopoulos,UU,8/19/2022,DH,3,1,3,2,1,2,1,1,,,1,,,,
Noah Childress,UU,8/19/2022,DH,0,1,4,0,1,2,0,1,,,,,,,
Malek Bolin,UU,8/19/2022,DH,7,1,4,0,2,1,0,0,,,,,,,
Kevin Lambert,UU,8/19/2022,DH,5,1,3,0,0,0,0,1,,,,,,,
Adam De La Cruz,UU,8/19/2022,DH,9,1,3,0,0,0,0,1,,,,,,,
Matt Parkinson,UU,8/19/2022,DH,2,1,3,0,0,0,0,2,,,,,,,
Marcos Castillo,BB,8/20/2022,WM,8,1,4,0,1,0,0,1,,,,,,,
Travious Ford,BB,8/20/2022,WM,9,1,3,1,1,0,0,0,,,,1,,,
Dakota McFadden,BB,8/20/2022,WM,0,1,3,0,0,0,0,0,,,,,,,
Eric Whitfield,BB,8/20/2022,WM,7,1,3,0,0,0,0,0,,,,,,,
Felix Aberouette,BB,8/20/2022,WM,2,1,2,0,1,0,1,0,,,,,,,
Wellington Guzman,BB,8/20/2022,WM,6,1,1,1,0,0,2,0,,,,,,,
Ryan Sullivan,BB,8/20/2022,WM,3,1,2,1,1,0,0,0,,,,,,1,
Cameron Collett,BB,8/20/2022,WM,5,1,3,0,0,0,0,1,,,,,,,
Luke Fennelly,BB,8/20/2022,WM,4,1,3,0,1,2,0,0,,,,,,,
Connor Emmet,WM,8/20/2022,BB,9,1,3,0,0,0,0,1,,,,,,,
Houston Parker,WM,8/20/2022,BB,5,1,3,0,0,0,0,1,,,,,,,
Bryan Leef,WM,8/20/2022,BB,8,1,3,0,0,0,0,2,,,,,,,
Elijah Brown,WM,8/20/2022,BB,3,1,2,1,1,1,0,0,,,1,,,,
Sam Loda,WM,8/20/2022,BB,2,1,1,0,0,0,1,1,,,,,,,
Buddy Dewaine Jr.,WM,8/20/2022,BB,7,1,1,0,0,0,1,0,,,,,,,
Connor Bagnieski,WM,8/20/2022,BB,6,1,2,0,0,0,0,0,,,,,,,
Wade Weinburger Jr.,WM,8/20/2022,BB,0,1,2,0,0,0,0,0,,,,,,,
Mitch Moralez,WM,8/20/2022,BB,4,1,2,0,0,0,0,0,,,,,,,
Luke Fennelly,BB,8/20/2022,WM,4,2,2,0,0,1,0,1,,,,,,,1
Marcos Castillo,BB,8/20/2022,WM,8,2,3,0,0,0,0,2,,,,,,,
Dakota McFadden,BB,8/20/2022,WM,3,2,3,0,0,0,0,0,,,,,,,
Felix Aberouette,BB,8/20/2022,WM,2,2,3,1,1,0,0,2,,,,,,,
Eric Whitfield,BB,8/20/2022,WM,7,2,2,0,1,0,0,0,,,,,,,
Chris Davis,BB,8/20/2022,WM,7,2,1,0,0,0,0,1,,,,,,,
JD Stubbs,BB,8/20/2022,WM,0,2,2,1,1,1,1,0,,,,,,,
Wellington Guzman,BB,8/20/2022,WM,6,2,2,0,1,1,1,0,1,,,,,,
Cameron Collett,BB,8/20/2022,WM,5,2,3,0,0,0,0,0,,,,,,,
Travious Ford,BB,8/20/2022,WM,9,2,0,1,0,0,2,0,,,,3,,,
Connor Emmet,WM,8/20/2022,BB,3,2,3,0,0,0,0,2,,,,,,,
Houston Parker,WM,8/20/2022,BB,5,2,2,0,0,0,0,1,,,,,,1,
Bryan Leef,WM,8/20/2022,BB,9,2,2,0,0,0,0,2,,,,,,,
Mitch Moralez,WM,8/20/2022,BB,7,2,1,0,0,0,0,0,,,,,,,
Elijah Brown,WM,8/20/2022,BB,4,2,3,0,1,0,0,1,,,,,,,
Sam Loda,WM,8/20/2022,BB,0,2,3,0,0,0,0,3,,,,,,,
Duncan Hewitt,WM,8/20/2022,BB,2,2,2,0,0,0,0,1,,,,,,,
Connor Bagnieski,WM,8/20/2022,BB,6,2,2,1,2,0,0,0,1,,,,,,
Greg Vaughn Jr.,WM,8/20/2022,BB,7,2,2,0,0,0,0,1,,,,,,,
Tanner Thomas,WM,8/20/2022,BB,8,2,2,1,1,2,0,1,,,1,,,,
Jonathan Hodo,UU,8/21/2022,DH,4,1,5,1,1,0,0,0,1,,,,,,
Luis Atiles,UU,8/21/2022,DH,6,1,5,1,2,0,0,1,,,,,,,
Drue Galassi,UU,8/21/2022,DH,8,1,2,2,0,0,2,0,,,,,,,
Alexander Brunson,UU,8/21/2022,DH,8,1,1,0,0,0,0,0,,,,,,,
Ari Sechopoulos,UU,8/21/2022,DH,3,1,3,2,1,1,0,1,1,,,,,1,
Noah Childress,UU,8/21/2022,DH,0,1,4,0,1,2,0,0,,,,,,,
Malek Bolin,UU,8/21/2022,DH,7,1,4,2,3,3,0,0,,,,,,,
Leandy Castro,UU,8/21/2022,DH,9,1,0,0,0,0,0,0,,,,,,,
Kevin Lambert,UU,8/21/2022,DH,5,1,4,1,2,3,0,0,1,,1,,,,
Kenny Rodriguez,UU,8/21/2022,DH,7,1,0,0,0,0,0,0,,,,,,,
Adam De La Cruz,UU,8/21/2022,DH,9,1,4,0,1,0,0,0,,,,,,,
Matt Parkinson,UU,8/21/2022,DH,2,1,3,0,1,0,0,1,1,,,,,1,
Alex Pup,DH,8/21/2022,UU,4,1,3,1,0,0,2,1,,,,,,,
Blake Porter,DH,8/21/2022,UU,8,1,5,0,0,0,0,1,,,,,,,
Yadi Rivera,DH,8/21/2022,UU,5,1,3,0,1,0,1,1,,,,,,,
Noah Marcoux,DH,8/21/2022,UU,7,1,3,0,1,1,1,0,,,,,,,
Joe Burke,DH,8/21/2022,UU,3,1,3,0,0,0,0,2,,,,,,1,
Nicholas Kreutzer,DH,8/21/2022,UU,0,1,2,0,1,0,2,0,,,,,,,
Bryant Shellenbarger,DH,8/21/2022,UU,9,1,3,0,0,0,1,0,,,,,,,
Whit Hughes,DH,8/21/2022,UU,2,1,4,0,1,0,0,1,,,,,,,
Christian Perez,DH,8/21/2022,UU,6,1,4,0,1,0,0,2,,,,,,,
Tanner Thomas,WM,8/24/2022,UU,8,1,5,0,0,0,0,0,,,,,,,
Nick Caruso,WM,8/24/2022,UU,0,1,4,0,2,1,1,0,,,,,,,
Elijah Brown,WM,8/24/2022,UU,3,1,4,2,1,0,1,3,1,,,1,,,
Houston Parker,WM,8/24/2022,UU,5,1,2,0,0,0,2,1,,,,,,1,
Greg Vaughn Jr.,WM,8/24/2022,UU,9,1,3,0,2,1,1,1,1,,,,,,
Sam Loda,WM,8/24/2022,UU,2,1,4,0,0,0,0,1,,,,,,,
Connor Bagnieski,WM,8/24/2022,UU,6,1,3,0,0,0,1,1,,,,,,,
Mitch Moralez,WM,8/24/2022,UU,4,1,4,0,1,0,0,0,,,,,,,
Buddy Dewaine Jr.,WM,8/24/2022,UU,7,1,2,1,0,0,2,1,,,,1,,,
Jonathan Hodo,UU,8/24/2022,WM,4,1,3,0,0,0,1,1,,,,,,,
Luis Atiles,UU,8/24/2022,WM,6,1,4,0,1,0,0,1,,,,,,,
Drue Galassi,UU,8/24/2022,WM,8,1,4,0,2,1,0,2,,,,,,,
Ari Sechopoulos,UU,8/24/2022,WM,3,1,4,0,0,0,0,3,,,,,,,
Leandy Castro,UU,8/24/2022,WM,9,1,0,0,0,0,0,0,,,,,,,
Noah Childress,UU,8/24/2022,WM,0,1,4,0,2,0,0,0,,,,,,,
Malek Bolin,UU,8/24/2022,WM,7,1,4,0,1,0,0,1,,,,,,,
Kevin Lambert,UU,8/24/2022,WM,5,1,4,0,0,0,0,0,,,,,,,
Adam De La Cruz,UU,8/24/2022,WM,9,1,3,0,0,0,0,1,,,,,,,
Matt Parkinson,UU,8/24/2022,WM,2,1,3,1,1,0,0,1,,,,,,,
Alex Pup,DH,8/25/2022,BB,4,1,4,3,3,1,1,1,,,,2,,,
Blake Porter,DH,8/25/2022,BB,8,1,4,1,2,1,0,0,,,,,,,
Sean Lawlar,DH,8/25/2022,BB,8,1,1,0,0,0,0,0,,,,,,,
Yadi Rivera,DH,8/25/2022,BB,5,1,5,1,2,1,0,1,1,,,,,,
Noah Marcoux,DH,8/25/2022,BB,7,1,4,2,2,0,0,2,,,,,,1,
Joe Burke,DH,8/25/2022,BB,3,1,4,1,1,1,0,0,,,,,,,1
Nicholas Kreutzer,DH,8/25/2022,BB,0,1,4,2,3,4,1,0,1,,1,,,,
Bryant Shellenbarger,DH,8/25/2022,BB,9,1,3,1,1,1,1,1,,,,,,,
Scott Combs,DH,8/25/2022,BB,2,1,3,0,1,2,0,2,,,,,,,1
Christian Perez,DH,8/25/2022,BB,6,1,3,0,0,0,1,2,,,,,,,
Marcos Castillo,BB,8/25/2022,DH,8,1,3,0,0,0,2,1,,,,,,,
Luke Fennelly,BB,8/25/2022,DH,4,1,3,2,2,2,2,1,,,1,,,,
Dakota McFadden,BB,8/25/2022,DH,0,1,3,1,0,1,1,1,,,,,,1,
Felix Aberouette,BB,8/25/2022,DH,2,1,4,1,1,0,1,1,1,,,,,,
JD Stubbs,BB,8/25/2022,DH,3,1,4,1,1,1,0,1,,,1,,,,
Cameron Collett,BB,8/25/2022,DH,5,1,3,1,0,1,1,0,,,,,,,
Wellington Guzman,BB,8/25/2022,DH,6,1,1,0,0,0,0,0,,,,,,,
Erick Ramirez,BB,8/25/2022,DH,6,1,3,0,1,1,0,1,1,,,,,,
Chris Davis,BB,8/25/2022,DH,7,1,2,1,0,0,2,0,,,,1,,,
Travious Ford,BB,8/25/2022,DH,9,1,4,0,0,0,0,2,,,,,,,
Marcos Castillo,BB,8/26/2022,UU,8,1,4,0,1,0,0,1,,,,1,,,
Luke Fennelly,BB,8/26/2022,UU,4,1,4,0,0,0,0,0,,,,,,,
Dakota McFadden,BB,8/26/2022,UU,3,1,4,0,0,0,0,1,,,,,,,
Eric Whitfield,BB,8/26/2022,UU,0,1,4,0,1,0,0,1,,,,,,,
Felix Aberouette,BB,8/26/2022,UU,2,1,4,0,0,0,0,1,,,,,,,
Ryan Sullivan,BB,8/26/2022,UU,9,1,3,0,0,0,0,2,,,,,,,
Cameron Collett,BB,8/26/2022,UU,5,1,3,0,1,0,0,0,,,,,,,
Erick Ramirez,BB,8/26/2022,UU,6,1,3,0,0,0,0,0,,,,,,,
Travious Ford,BB,8/26/2022,UU,7,1,2,0,1,0,1,0,,,,2,,,
Jonathan Hodo,UU,8/26/2022,BB,4,1,6,3,3,0,0,2,1,,,,,,
Luis Atiles,UU,8/26/2022,BB,6,1,4,2,2,0,1,0,,,,,,,
Drue Galassi,UU,8/26/2022,BB,8,1,3,1,1,2,1,2,,,,,,,1
Ari Sechopoulos,UU,8/26/2022,BB,3,1,2,0,1,2,2,0,,,,1,,,1
Noah Childress,UU,8/26/2022,BB,0,1,3,0,0,0,2,0,,,,,,,
Alexander Brunson,UU,8/26/2022,BB,R,1,0,0,0,0,0,0,,,,,,,
Malek Bolin,UU,8/26/2022,BB,7,1,3,1,2,0,1,1,,,,,,,
Leandy Castro,UU,8/26/2022,BB,9,1,1,0,0,0,0,1,,,,,,,
Kevin Lambert,UU,8/26/2022,BB,5,1,4,0,2,1,1,1,1,,,,,,
Nick Caruso,UU,8/26/2022,BB,2,1,4,0,1,0,1,0,,,,,,,
Adam De La Cruz,UU,8/26/2022,BB,9,1,5,1,1,1,0,3,,,1,,,,
Tanner Thomas,WM,8/27/2022,DH,8,1,3,0,0,0,0,1,,,,,,,
Nick Caruso,WM,8/27/2022,DH,7,1,3,0,0,0,0,0,,,,,,,
Elijah Brown,WM,8/27/2022,DH,4,1,1,1,0,0,2,0,,,,,,,
Houston Parker,WM,8/27/2022,DH,5,1,3,1,1,0,0,2,,,,,,,
Connor Emmet,WM,8/27/2022,DH,3,1,2,0,0,0,0,0,,,,,,1,
Bryan Leef,WM,8/27/2022,DH,0,1,2,0,1,2,0,0,,,,,,,
Connor Bagnieski,WM,8/27/2022,DH,6,1,2,0,0,0,0,1,,,,,,,
Sam Loda,WM,8/27/2022,DH,2,1,2,0,0,0,0,0,,,,,,,
Buddy Dewaine Jr.,WM,8/27/2022,DH,9,1,2,0,1,0,0,1,,,,,,,
Alex Pup,DH,8/27/2022,WM,6,1,2,1,1,1,1,0,1,,,,,,
Blake Porter,DH,8/27/2022,WM,8,1,3,1,1,1,0,2,,,,,,,
Yadi Rivera,DH,8/27/2022,WM,5,1,2,0,0,1,0,1,,,,1,,1,
Noah Marcoux,DH,8/27/2022,WM,7,1,2,0,1,1,0,1,,,,,,1,
Joe Burke,DH,8/27/2022,WM,3,1,1,0,0,1,0,0,,,,,,,1
Nicholas Kreutzer,DH,8/27/2022,WM,0,1,2,0,0,0,0,0,,,,,,,
Bryant Shellenbarger,DH,8/27/2022,WM,9,1,1,1,0,0,1,0,,,,,,,
Whit Hughes,DH,8/27/2022,WM,2,1,2,0,0,0,0,1,,,,,,,
Christian Fedko,DH,8/27/2022,WM,4,1,1,2,1,0,1,0,1,,,,,,
Tanner Thomas,WM,8/27/2022,DH,8,2,2,1,0,0,0,0,,,,,,1,
Nick Caruso,WM,8/27/2022,DH,3,2,3,0,1,3,0,0,1,,,,,,
Elijah Brown,WM,8/27/2022,DH,6,2,2,0,0,0,1,0,,,,,,,
Houston Parker,WM,8/27/2022,DH,5,2,3,0,0,0,0,1,,,,,,,
Connor Emmet,WM,8/27/2022,DH,9,2,2,1,0,0,1,1,,,,,,,
Greg Vaughn Jr.,WM,8/27/2022,DH,7,2,1,1,0,0,2,0,,,,,,,
Sam Loda,WM,8/27/2022,DH,2,2,2,1,0,0,1,1,,,,,,,
Wade Weinburger Jr.,WM,8/27/2022,DH,0,2,2,0,0,1,0,1,,,,,,,1
Mitch Moralez,WM,8/27/2022,DH,4,2,2,1,1,1,0,0,1,,,,,,
Alex Pup,DH,8/27/2022,WM,4,2,2,1,1,0,0,0,1,,,,,1,
Joe Burke,DH,8/27/2022,WM,0,2,3,1,1,2,0,0,,,1,,,,
Yadi Rivera,DH,8/27/2022,WM,5,2,3,0,0,0,0,2,,,,,,,
Noah Marcoux,DH,8/27/2022,WM,7,2,3,0,1,0,0,0,,,,,,,
Nicholas Kreutzer,DH,8/27/2022,WM,3,2,3,0,0,0,0,1,,,,,,,
Bryant Shellenbarger,DH,8/27/2022,WM,9,2,2,1,1,0,0,1,1,,,,,,
Scott Combs,DH,8/27/2022,WM,2,2,2,0,0,0,0,0,,,,,,,
Sean Lawlar,DH,8/27/2022,WM,8,2,2,0,1,1,0,0,,,,,,,
Christian Perez,DH,8/27/2022,WM,6,2,2,0,0,0,0,1,,,,,,,
Travious Ford,BB,8/28/2022,UU,8,1,3,0,0,0,1,1,,,,1,,1,
Luke Fennelly,BB,8/28/2022,UU,4,1,4,0,1,0,1,1,,,,,,,
Marcos Castillo,BB,8/28/2022,UU,9,1,5,0,3,0,0,1,,,,1,,,
Eric Whitfield,BB,8/28/2022,UU,0,1,5,0,1,0,0,1,,,,,,,
Chris Davis,BB,8/28/2022,UU,7,1,5,0,1,0,0,1,,,,,,,
Erick Ramirez,BB,8/28/2022,UU,6,1,3,0,0,0,0,0,,,,,,,
Dakota McFadden,BB,8/28/2022,UU,4,1,2,1,2,0,0,0,,,,,,,
Felix Aberouette,BB,8/28/2022,UU,2,1,4,1,1,0,1,2,,,,,,,
JD Stubbs,BB,8/28/2022,UU,3,1,5,0,2,1,0,0,1,,,,,,
Cameron Collett,BB,8/28/2022,UU,5,1,4,0,1,1,0,1,1,,,,,,1
Alexander Brunson,UU,8/28/2022,BB,7,1,5,2,2,1,0,1,,,1,,,,
Kenny Rodriguez,UU,8/28/2022,BB,8,1,4,1,1,0,1,1,1,,,,,,
Noah Childress,UU,8/28/2022,BB,3,1,5,2,1,1,0,2,,,1,,,,
Malek Bolin,UU,8/28/2022,BB,0,1,5,0,2,0,0,1,,,,,,,
Kevin Lambert,UU,8/28/2022,BB,6,1,4,1,2,1,1,1,2,,,,,,
Leandy Castro,UU,8/28/2022,BB,9,1,3,1,0,1,0,2,,,,,,1,
Adam De La Cruz,UU,8/28/2022,BB,5,1,3,2,2,4,1,1,1,,1,,,,
Luis Atiles,UU,8/28/2022,BB,4,1,3,0,2,1,0,0,,,,,,1,
Nick Caruso,WM,8/28/2022,BB,2,1,4,0,0,0,0,1,,,,,,,
Alex Pup,DH,8/30/2022,WM,6,1,3,0,2,0,0,0,,,,,,,
Yadi Rivera,DH,8/30/2022,WM,5,1,2,0,1,1,0,1,,,,,,,
Blake Porter,DH,8/30/2022,WM,8,1,4,2,1,0,1,1,,,,,,,
Nicholas Kreutzer,DH,8/30/2022,WM,0,1,5,1,1,1,0,2,,,,,,,
Joe Burke,DH,8/30/2022,WM,3,1,5,1,2,1,0,1,,,,,,,
Bryant Shellenbarger,DH,8/30/2022,WM,9,1,5,0,1,0,0,0,,,,,,,
Scott Combs,DH,8/30/2022,WM,2,1,3,0,0,0,0,1,,,,,,1,
Whit Hughes,DH,8/30/2022,WM,2,1,0,0,0,0,1,0,,,,,,,
Sean Lawlar,DH,8/30/2022,WM,7,1,3,2,2,3,2,0,,,1,,,,
Christian Perez,DH,8/30/2022,WM,4,1,5,1,0,0,0,2,,,,,,,
Christian Fedko,DH,8/30/2022,WM,5,1,3,1,2,1,1,0,1,,,,,,
Bryan Leef,WM,8/30/2022,DH,8,1,4,1,1,1,1,1,,,1,,,,
Nick Caruso,WM,8/30/2022,DH,3,1,4,1,1,0,1,1,,,,,,,
Elijah Brown,WM,8/30/2022,DH,4,1,5,0,2,0,0,1,1,,,,,,
Greg Vaughn Jr.,WM,8/30/2022,DH,0,1,3,0,0,0,2,3,,,,,,,
Connor Emmet,WM,8/30/2022,DH,7,1,4,0,0,0,0,2,,,,,,1,
Sam Loda,WM,8/30/2022,DH,2,1,1,1,0,1,2,0,,,,,,,1
Connor Bagnieski,WM,8/30/2022,DH,6,1,3,0,0,0,0,2,,,,,,,
Mitch Moralez,WM,8/30/2022,DH,6,1,1,0,1,0,0,0,,,,,,,
Buddy Dewaine Jr.,WM,8/30/2022,DH,5,1,3,0,1,1,1,2,,,,,,,
Tanner Thomas,WM,8/30/2022,DH,9,1,1,0,0,0,2,0,,,,,1,1,
Christian Fedko,DH,8/31/2022,UU,4,1,3,1,1,2,1,0,1,,,,1,,
Blake Porter,DH,8/31/2022,UU,8,1,4,1,2,2,0,1,,,,,,,
Noah Marcoux,DH,8/31/2022,UU,7,1,1,1,0,0,3,0,,,,,,,
Joe Burke,DH,8/31/2022,UU,3,1,3,2,0,0,0,0,,,,,,1,
Yadi Rivera,DH,8/31/2022,UU,5,1,3,1,1,1,1,1,,,,,,,
Nicholas Kreutzer,DH,8/31/2022,UU,0,1,4,0,0,0,0,1,,,,,,,
Bryant Shellenbarger,DH,8/31/2022,UU,9,1,4,1,2,3,0,0,1,,,1,,,
Whit Hughes,DH,8/31/2022,UU,2,1,4,1,0,0,0,1,,,,,,,
Christian Perez,DH,8/31/2022,UU,6,1,3,0,0,0,0,1,,,,,,,
Alexander Brunson,UU,8/31/2022,DH,9,1,3,0,0,0,2,2,,,,,,,
Kenny Rodriguez,UU,8/31/2022,DH,7,1,2,1,0,0,2,2,,,,,,,
Malek Bolin,UU,8/31/2022,DH,3,1,2,1,1,0,1,0,1,,,,,1,
Ari Sechopoulos,UU,8/31/2022,DH,0,1,2,0,0,0,0,0,,,,,,,
Drue Galassi,UU,8/31/2022,DH,0,1,2,1,1,1,0,1,,,,,,,
Kevin Lambert,UU,8/31/2022,DH,6,1,3,0,1,1,1,2,,,,,,,
Adam De La Cruz,UU,8/31/2022,DH,5,1,4,0,1,0,0,2,,,,,,,
Leandy Castro,UU,8/31/2022,DH,8,1,4,1,1,3,0,1,,,1,,,,
Jonathan Hodo,UU,8/31/2022,DH,4,1,1,0,0,0,2,0,,,,1,1,1,
Matt Parkinson,UU,8/31/2022,DH,2,1,3,1,0,0,1,1,,,,,,,
Connor Emmet,WM,9/1/2022,BB,7,1,2,1,2,0,2,0,1,,,,,1,
Nick Caruso,WM,9/1/2022,BB,2,1,4,1,1,2,0,0,,,1,,,,
Sam Loda,WM,9/1/2022,BB,2,1,1,0,1,1,0,0,,,,,,,
Elijah Brown,WM,9/1/2022,BB,3,1,2,0,0,0,2,0,,,,1,,,
Houston Parker,WM,9/1/2022,BB,5,1,4,0,1,0,0,2,,,,1,,,
Tanner Thomas,WM,9/1/2022,BB,8,1,4,0,0,0,0,1,,,,,,,
Greg Vaughn Jr.,WM,9/1/2022,BB,9,1,4,0,1,0,0,2,,,,,,,
Wade Weinburger Jr.,WM,9/1/2022,BB,0,1,4,0,0,0,0,3,,,,,,,
Mitch Moralez,WM,9/1/2022,BB,4,1,4,1,0,0,0,1,,,,,,,
Connor Bagnieski,WM,9/1/2022,BB,6,1,3,0,0,0,0,0,,,,,,,
Bryan Leef,WM,9/1/2022,BB,6,1,1,0,0,0,0,1,,,,,,,
Travious Ford,BB,9/1/2022,WM,7,1,4,1,1,0,0,0,1,,,,,,
Luke Fennelly,BB,9/1/2022,WM,4,1,3,0,1,0,0,0,,,,,,1,
Marcos Castillo,BB,9/1/2022,WM,8,1,4,0,1,1,0,0,,,,,,,
Dakota McFadden,BB,9/1/2022,WM,9,1,4,0,1,0,0,2,1,,,,,,
Eric Whitfield,BB,9/1/2022,WM,0,1,3,0,0,0,0,2,,,,,,,
Wellington Guzman,BB,9/1/2022,WM,0,1,1,1,1,0,0,0,,,,,,,
Felix Aberouette,BB,9/1/2022,WM,2,1,3,0,0,0,1,1,,,,,,,
JD Stubbs,BB,9/1/2022,WM,3,1,2,0,0,0,2,1,,,,,,,
Erick Ramirez,BB,9/1/2022,WM,6,1,4,0,1,1,0,1,,,,,,,
Cameron Collett,BB,9/1/2022,WM,5,1,4,0,1,0,0,2,,,,,,,
Christian Fedko,DH,9/2/2022,WM,4,1,5,2,3,1,0,1,1,,1,,,,
Blake Porter,DH,9/2/2022,WM,8,1,3,1,1,1,0,1,1,,,,,,
Bryant Shellenbarger,DH,9/2/2022,WM,8,1,2,0,0,0,0,0,,,,,,,
Noah Marcoux,DH,9/2/2022,WM,7,1,3,0,0,0,1,1,,,,,,,
Joe Burke,DH,9/2/2022,WM,3,1,3,1,1,0,1,0,,,,,,,
Nicholas Kreutzer,DH,9/2/2022,WM,0,1,4,0,0,0,0,2,,,,,,,
Yadi Rivera,DH,9/2/2022,WM,5,1,4,1,2,1,0,1,1,,,,,,
Sean Lawlar,DH,9/2/2022,WM,9,1,2,0,0,1,2,0,,,,1,,,
Scott Combs,DH,9/2/2022,WM,2,1,3,1,1,2,0,0,,,1,,,,
Whit Hughes,DH,9/2/2022,WM,2,1,1,0,0,0,0,1,,,,,,,
Christian Perez,DH,9/2/2022,WM,6,1,4,0,0,0,0,1,,,,,,,
Connor Emmet,WM,9/2/2022,DH,7,1,3,0,0,0,1,1,,,,,,,
Nick Caruso,WM,9/2/2022,DH,0,1,4,0,0,0,0,1,,,,,,,
Elijah Brown,WM,9/2/2022,DH,6,1,4,1,1,0,0,1,,,,,,,
Houston Parker,WM,9/2/2022,DH,5,1,3,0,0,0,0,1,,,,,,1,
Tanner Thomas,WM,9/2/2022,DH,8,1,4,0,0,1,0,0,,,,,,,
Greg Vaughn Jr.,WM,9/2/2022,DH,9,1,3,1,0,0,1,1,,,,,,,
Sam Loda,WM,9/2/2022,DH,2,1,2,0,0,0,1,1,,,,,,,
Mitch Moralez,WM,9/2/2022,DH,4,1,3,0,1,1,0,1,,1,,,,,
Buddy Dewaine Jr.,WM,9/2/2022,DH,3,1,3,0,0,0,0,2,,,,,,,
Luis Atiles,UU,9/3/2022,BB,6,1,2,0,0,0,1,1,,,,,,,
Drue Galassi,UU,9/3/2022,BB,8,1,2,1,1,0,1,1,,,,,,,
Malek Bolin,UU,9/3/2022,BB,7,1,3,0,1,0,0,1,,,,,,,
Ari Sechopoulos,UU,9/3/2022,BB,3,1,3,1,1,1,0,0,1,,,,,,
Noah Childress,UU,9/3/2022,BB,0,1,3,1,1,0,0,1,,,,,,,
Kevin Lambert,UU,9/3/2022,BB,5,1,3,1,1,2,0,2,,,1,,,,
Leandy Castro,UU,9/3/2022,BB,9,1,3,0,0,0,0,3,,,,,,,
Matt Parkinson,UU,9/3/2022,BB,2,1,2,0,0,0,0,0,,,,,,1,
Jonathan Hodo,UU,9/3/2022,BB,4,1,3,0,1,0,0,1,,,,,,,
Luke Fennelly,BB,9/3/2022,UU,4,1,3,1,2,0,0,0,1,,,,,1,
Travious Ford,BB,9/3/2022,UU,8,1,4,0,2,0,0,1,,,,,,,
Marcos Castillo,BB,9/3/2022,UU,9,1,2,1,1,2,1,1,1,,,,,1,
Dakota McFadden,BB,9/3/2022,UU,7,1,4,1,1,1,0,2,1,,,,,,
Felix Aberouette,BB,9/3/2022,UU,2,1,3,0,1,0,0,2,,,,,,,
Wellington Guzman,BB,9/3/2022,UU,0,1,2,0,0,0,1,1,,,,,,,
Ryan Sullivan,BB,9/3/2022,UU,3,1,3,0,0,0,0,0,,,,,,,
Cameron Collett,BB,9/3/2022,UU,5,1,2,0,0,0,0,1,,,,,,,
Eric Whitfield,BB,9/3/2022,UU,5,1,1,0,0,0,0,0,,,,,,,
Erick Ramirez,BB,9/3/2022,UU,6,1,3,1,1,0,0,2,,,,,,,
Luis Atiles,UU,9/3/2022,BB,6,2,3,0,2,0,0,0,,,,,,,
Drue Galassi,UU,9/3/2022,BB,8,2,3,1,2,1,0,1,,,1,,,,
Malek Bolin,UU,9/3/2022,BB,7,2,3,0,0,0,0,2,,,,,,,
Ari Sechopoulos,UU,9/3/2022,BB,3,2,3,1,1,1,0,0,,,1,,,,
Noah Childress,UU,9/3/2022,BB,0,2,3,0,1,0,0,2,,,,,,,
Kevin Lambert,UU,9/3/2022,BB,5,2,3,0,1,0,0,1,,,,,,,
Adam De La Cruz,UU,9/3/2022,BB,9,2,2,0,0,0,0,1,,,,,,,
Matt Parkinson,UU,9/3/2022,BB,2,2,2,0,0,0,0,0,,,,,,,
Jonathan Hodo,UU,9/3/2022,BB,4,2,2,0,0,0,0,0,,,,,,,
Travious Ford,BB,9/3/2022,UU,7,2,2,1,0,0,1,1,,,,,,,
Luke Fennelly,BB,9/3/2022,UU,4,2,2,2,1,0,1,1,,,,,,,
Dakota McFadden,BB,9/3/2022,UU,9,2,2,1,1,2,1,1,1,,,,,,
Marcos Castillo,BB,9/3/2022,UU,8,2,3,0,1,1,0,0,1,,,,,,
Felix Aberouette,BB,9/3/2022,UU,2,2,2,0,0,0,1,1,,,,,,,
Eric Whitfield,BB,9/3/2022,UU,0,2,3,0,1,1,0,1,,,,,,,
JD Stubbs,BB,9/3/2022,UU,3,2,2,0,0,0,1,1,,,,,,,
Erick Ramirez,BB,9/3/2022,UU,6,2,3,0,1,0,0,0,,,,,,,
Cameron Collett,BB,9/3/2022,UU,5,2,2,0,0,0,0,0,,,,,,,
